app,family,variant_id,source_path,language
sum_reduce_v00,sum_reduce,v00,/home/hoju/test/posit_test/generated_apps/src/sum_reduce/sum_reduce_v00.c,c
sum_reduce_v01,sum_reduce,v01,/home/hoju/test/posit_test/generated_apps/src/sum_reduce/sum_reduce_v01.c,c
sum_reduce_v02,sum_reduce,v02,/home/hoju/test/posit_test/generated_apps/src/sum_reduce/sum_reduce_v02.c,c
sum_reduce_v03,sum_reduce,v03,/home/hoju/test/posit_test/generated_apps/src/sum_reduce/sum_reduce_v03.c,c
sum_reduce_v04,sum_reduce,v04,/home/hoju/test/posit_test/generated_apps/src/sum_reduce/sum_reduce_v04.c,c
sum_reduce_v05,sum_reduce,v05,/home/hoju/test/posit_test/generated_apps/src/sum_reduce/sum_reduce_v05.c,c
sum_reduce_v06,sum_reduce,v06,/home/hoju/test/posit_test/generated_apps/src/sum_reduce/sum_reduce_v06.c,c
sum_reduce_v07,sum_reduce,v07,/home/hoju/test/posit_test/generated_apps/src/sum_reduce/sum_reduce_v07.c,c
sum_reduce_v08,sum_reduce,v08,/home/hoju/test/posit_test/generated_apps/src/sum_reduce/sum_reduce_v08.c,c
sum_reduce_v09,sum_reduce,v09,/home/hoju/test/posit_test/generated_apps/src/sum_reduce/sum_reduce_v09.c,c
sum_reduce_v10,sum_reduce,v10,/home/hoju/test/posit_test/generated_apps/src/sum_reduce/sum_reduce_v10.c,c
sum_reduce_v11,sum_reduce,v11,/home/hoju/test/posit_test/generated_apps/src/sum_reduce/sum_reduce_v11.c,c
sum_reduce_v12,sum_reduce,v12,/home/hoju/test/posit_test/generated_apps/src/sum_reduce/sum_reduce_v12.c,c
sum_reduce_v13,sum_reduce,v13,/home/hoju/test/posit_test/generated_apps/src/sum_reduce/sum_reduce_v13.c,c
sum_reduce_v14,sum_reduce,v14,/home/hoju/test/posit_test/generated_apps/src/sum_reduce/sum_reduce_v14.c,c
sum_reduce_v15,sum_reduce,v15,/home/hoju/test/posit_test/generated_apps/src/sum_reduce/sum_reduce_v15.c,c
sum_reduce_v16,sum_reduce,v16,/home/hoju/test/posit_test/generated_apps/src/sum_reduce/sum_reduce_v16.c,c
sum_reduce_v17,sum_reduce,v17,/home/hoju/test/posit_test/generated_apps/src/sum_reduce/sum_reduce_v17.c,c
sum_reduce_v18,sum_reduce,v18,/home/hoju/test/posit_test/generated_apps/src/sum_reduce/sum_reduce_v18.c,c
sum_reduce_v19,sum_reduce,v19,/home/hoju/test/posit_test/generated_apps/src/sum_reduce/sum_reduce_v19.c,c
sum_reduce_v20,sum_reduce,v20,/home/hoju/test/posit_test/generated_apps/src/sum_reduce/sum_reduce_v20.c,c
sum_reduce_v21,sum_reduce,v21,/home/hoju/test/posit_test/generated_apps/src/sum_reduce/sum_reduce_v21.c,c
sum_reduce_v22,sum_reduce,v22,/home/hoju/test/posit_test/generated_apps/src/sum_reduce/sum_reduce_v22.c,c
sum_reduce_v23,sum_reduce,v23,/home/hoju/test/posit_test/generated_apps/src/sum_reduce/sum_reduce_v23.c,c
sum_reduce_v24,sum_reduce,v24,/home/hoju/test/posit_test/generated_apps/src/sum_reduce/sum_reduce_v24.c,c
dot_product_v00,dot_product,v00,/home/hoju/test/posit_test/generated_apps/src/dot_product/dot_product_v00.c,c
dot_product_v01,dot_product,v01,/home/hoju/test/posit_test/generated_apps/src/dot_product/dot_product_v01.c,c
dot_product_v02,dot_product,v02,/home/hoju/test/posit_test/generated_apps/src/dot_product/dot_product_v02.c,c
dot_product_v03,dot_product,v03,/home/hoju/test/posit_test/generated_apps/src/dot_product/dot_product_v03.c,c
dot_product_v04,dot_product,v04,/home/hoju/test/posit_test/generated_apps/src/dot_product/dot_product_v04.c,c
dot_product_v05,dot_product,v05,/home/hoju/test/posit_test/generated_apps/src/dot_product/dot_product_v05.c,c
dot_product_v06,dot_product,v06,/home/hoju/test/posit_test/generated_apps/src/dot_product/dot_product_v06.c,c
dot_product_v07,dot_product,v07,/home/hoju/test/posit_test/generated_apps/src/dot_product/dot_product_v07.c,c
dot_product_v08,dot_product,v08,/home/hoju/test/posit_test/generated_apps/src/dot_product/dot_product_v08.c,c
dot_product_v09,dot_product,v09,/home/hoju/test/posit_test/generated_apps/src/dot_product/dot_product_v09.c,c
dot_product_v10,dot_product,v10,/home/hoju/test/posit_test/generated_apps/src/dot_product/dot_product_v10.c,c
dot_product_v11,dot_product,v11,/home/hoju/test/posit_test/generated_apps/src/dot_product/dot_product_v11.c,c
dot_product_v12,dot_product,v12,/home/hoju/test/posit_test/generated_apps/src/dot_product/dot_product_v12.c,c
dot_product_v13,dot_product,v13,/home/hoju/test/posit_test/generated_apps/src/dot_product/dot_product_v13.c,c
dot_product_v14,dot_product,v14,/home/hoju/test/posit_test/generated_apps/src/dot_product/dot_product_v14.c,c
dot_product_v15,dot_product,v15,/home/hoju/test/posit_test/generated_apps/src/dot_product/dot_product_v15.c,c
dot_product_v16,dot_product,v16,/home/hoju/test/posit_test/generated_apps/src/dot_product/dot_product_v16.c,c
dot_product_v17,dot_product,v17,/home/hoju/test/posit_test/generated_apps/src/dot_product/dot_product_v17.c,c
dot_product_v18,dot_product,v18,/home/hoju/test/posit_test/generated_apps/src/dot_product/dot_product_v18.c,c
dot_product_v19,dot_product,v19,/home/hoju/test/posit_test/generated_apps/src/dot_product/dot_product_v19.c,c
dot_product_v20,dot_product,v20,/home/hoju/test/posit_test/generated_apps/src/dot_product/dot_product_v20.c,c
dot_product_v21,dot_product,v21,/home/hoju/test/posit_test/generated_apps/src/dot_product/dot_product_v21.c,c
dot_product_v22,dot_product,v22,/home/hoju/test/posit_test/generated_apps/src/dot_product/dot_product_v22.c,c
dot_product_v23,dot_product,v23,/home/hoju/test/posit_test/generated_apps/src/dot_product/dot_product_v23.c,c
dot_product_v24,dot_product,v24,/home/hoju/test/posit_test/generated_apps/src/dot_product/dot_product_v24.c,c
weighted_sum_v00,weighted_sum,v00,/home/hoju/test/posit_test/generated_apps/src/weighted_sum/weighted_sum_v00.c,c
weighted_sum_v01,weighted_sum,v01,/home/hoju/test/posit_test/generated_apps/src/weighted_sum/weighted_sum_v01.c,c
weighted_sum_v02,weighted_sum,v02,/home/hoju/test/posit_test/generated_apps/src/weighted_sum/weighted_sum_v02.c,c
weighted_sum_v03,weighted_sum,v03,/home/hoju/test/posit_test/generated_apps/src/weighted_sum/weighted_sum_v03.c,c
weighted_sum_v04,weighted_sum,v04,/home/hoju/test/posit_test/generated_apps/src/weighted_sum/weighted_sum_v04.c,c
weighted_sum_v05,weighted_sum,v05,/home/hoju/test/posit_test/generated_apps/src/weighted_sum/weighted_sum_v05.c,c
weighted_sum_v06,weighted_sum,v06,/home/hoju/test/posit_test/generated_apps/src/weighted_sum/weighted_sum_v06.c,c
weighted_sum_v07,weighted_sum,v07,/home/hoju/test/posit_test/generated_apps/src/weighted_sum/weighted_sum_v07.c,c
weighted_sum_v08,weighted_sum,v08,/home/hoju/test/posit_test/generated_apps/src/weighted_sum/weighted_sum_v08.c,c
weighted_sum_v09,weighted_sum,v09,/home/hoju/test/posit_test/generated_apps/src/weighted_sum/weighted_sum_v09.c,c
weighted_sum_v10,weighted_sum,v10,/home/hoju/test/posit_test/generated_apps/src/weighted_sum/weighted_sum_v10.c,c
weighted_sum_v11,weighted_sum,v11,/home/hoju/test/posit_test/generated_apps/src/weighted_sum/weighted_sum_v11.c,c
weighted_sum_v12,weighted_sum,v12,/home/hoju/test/posit_test/generated_apps/src/weighted_sum/weighted_sum_v12.c,c
weighted_sum_v13,weighted_sum,v13,/home/hoju/test/posit_test/generated_apps/src/weighted_sum/weighted_sum_v13.c,c
weighted_sum_v14,weighted_sum,v14,/home/hoju/test/posit_test/generated_apps/src/weighted_sum/weighted_sum_v14.c,c
weighted_sum_v15,weighted_sum,v15,/home/hoju/test/posit_test/generated_apps/src/weighted_sum/weighted_sum_v15.c,c
weighted_sum_v16,weighted_sum,v16,/home/hoju/test/posit_test/generated_apps/src/weighted_sum/weighted_sum_v16.c,c
weighted_sum_v17,weighted_sum,v17,/home/hoju/test/posit_test/generated_apps/src/weighted_sum/weighted_sum_v17.c,c
weighted_sum_v18,weighted_sum,v18,/home/hoju/test/posit_test/generated_apps/src/weighted_sum/weighted_sum_v18.c,c
weighted_sum_v19,weighted_sum,v19,/home/hoju/test/posit_test/generated_apps/src/weighted_sum/weighted_sum_v19.c,c
weighted_sum_v20,weighted_sum,v20,/home/hoju/test/posit_test/generated_apps/src/weighted_sum/weighted_sum_v20.c,c
weighted_sum_v21,weighted_sum,v21,/home/hoju/test/posit_test/generated_apps/src/weighted_sum/weighted_sum_v21.c,c
weighted_sum_v22,weighted_sum,v22,/home/hoju/test/posit_test/generated_apps/src/weighted_sum/weighted_sum_v22.c,c
weighted_sum_v23,weighted_sum,v23,/home/hoju/test/posit_test/generated_apps/src/weighted_sum/weighted_sum_v23.c,c
weighted_sum_v24,weighted_sum,v24,/home/hoju/test/posit_test/generated_apps/src/weighted_sum/weighted_sum_v24.c,c
prefix_recurrence_v00,prefix_recurrence,v00,/home/hoju/test/posit_test/generated_apps/src/prefix_recurrence/prefix_recurrence_v00.c,c
prefix_recurrence_v01,prefix_recurrence,v01,/home/hoju/test/posit_test/generated_apps/src/prefix_recurrence/prefix_recurrence_v01.c,c
prefix_recurrence_v02,prefix_recurrence,v02,/home/hoju/test/posit_test/generated_apps/src/prefix_recurrence/prefix_recurrence_v02.c,c
prefix_recurrence_v03,prefix_recurrence,v03,/home/hoju/test/posit_test/generated_apps/src/prefix_recurrence/prefix_recurrence_v03.c,c
prefix_recurrence_v04,prefix_recurrence,v04,/home/hoju/test/posit_test/generated_apps/src/prefix_recurrence/prefix_recurrence_v04.c,c
prefix_recurrence_v05,prefix_recurrence,v05,/home/hoju/test/posit_test/generated_apps/src/prefix_recurrence/prefix_recurrence_v05.c,c
prefix_recurrence_v06,prefix_recurrence,v06,/home/hoju/test/posit_test/generated_apps/src/prefix_recurrence/prefix_recurrence_v06.c,c
prefix_recurrence_v07,prefix_recurrence,v07,/home/hoju/test/posit_test/generated_apps/src/prefix_recurrence/prefix_recurrence_v07.c,c
prefix_recurrence_v08,prefix_recurrence,v08,/home/hoju/test/posit_test/generated_apps/src/prefix_recurrence/prefix_recurrence_v08.c,c
prefix_recurrence_v09,prefix_recurrence,v09,/home/hoju/test/posit_test/generated_apps/src/prefix_recurrence/prefix_recurrence_v09.c,c
prefix_recurrence_v10,prefix_recurrence,v10,/home/hoju/test/posit_test/generated_apps/src/prefix_recurrence/prefix_recurrence_v10.c,c
prefix_recurrence_v11,prefix_recurrence,v11,/home/hoju/test/posit_test/generated_apps/src/prefix_recurrence/prefix_recurrence_v11.c,c
prefix_recurrence_v12,prefix_recurrence,v12,/home/hoju/test/posit_test/generated_apps/src/prefix_recurrence/prefix_recurrence_v12.c,c
prefix_recurrence_v13,prefix_recurrence,v13,/home/hoju/test/posit_test/generated_apps/src/prefix_recurrence/prefix_recurrence_v13.c,c
prefix_recurrence_v14,prefix_recurrence,v14,/home/hoju/test/posit_test/generated_apps/src/prefix_recurrence/prefix_recurrence_v14.c,c
prefix_recurrence_v15,prefix_recurrence,v15,/home/hoju/test/posit_test/generated_apps/src/prefix_recurrence/prefix_recurrence_v15.c,c
prefix_recurrence_v16,prefix_recurrence,v16,/home/hoju/test/posit_test/generated_apps/src/prefix_recurrence/prefix_recurrence_v16.c,c
prefix_recurrence_v17,prefix_recurrence,v17,/home/hoju/test/posit_test/generated_apps/src/prefix_recurrence/prefix_recurrence_v17.c,c
prefix_recurrence_v18,prefix_recurrence,v18,/home/hoju/test/posit_test/generated_apps/src/prefix_recurrence/prefix_recurrence_v18.c,c
prefix_recurrence_v19,prefix_recurrence,v19,/home/hoju/test/posit_test/generated_apps/src/prefix_recurrence/prefix_recurrence_v19.c,c
prefix_recurrence_v20,prefix_recurrence,v20,/home/hoju/test/posit_test/generated_apps/src/prefix_recurrence/prefix_recurrence_v20.c,c
prefix_recurrence_v21,prefix_recurrence,v21,/home/hoju/test/posit_test/generated_apps/src/prefix_recurrence/prefix_recurrence_v21.c,c
prefix_recurrence_v22,prefix_recurrence,v22,/home/hoju/test/posit_test/generated_apps/src/prefix_recurrence/prefix_recurrence_v22.c,c
prefix_recurrence_v23,prefix_recurrence,v23,/home/hoju/test/posit_test/generated_apps/src/prefix_recurrence/prefix_recurrence_v23.c,c
prefix_recurrence_v24,prefix_recurrence,v24,/home/hoju/test/posit_test/generated_apps/src/prefix_recurrence/prefix_recurrence_v24.c,c
ema_recurrence_v00,ema_recurrence,v00,/home/hoju/test/posit_test/generated_apps/src/ema_recurrence/ema_recurrence_v00.c,c
ema_recurrence_v01,ema_recurrence,v01,/home/hoju/test/posit_test/generated_apps/src/ema_recurrence/ema_recurrence_v01.c,c
ema_recurrence_v02,ema_recurrence,v02,/home/hoju/test/posit_test/generated_apps/src/ema_recurrence/ema_recurrence_v02.c,c
ema_recurrence_v03,ema_recurrence,v03,/home/hoju/test/posit_test/generated_apps/src/ema_recurrence/ema_recurrence_v03.c,c
ema_recurrence_v04,ema_recurrence,v04,/home/hoju/test/posit_test/generated_apps/src/ema_recurrence/ema_recurrence_v04.c,c
ema_recurrence_v05,ema_recurrence,v05,/home/hoju/test/posit_test/generated_apps/src/ema_recurrence/ema_recurrence_v05.c,c
ema_recurrence_v06,ema_recurrence,v06,/home/hoju/test/posit_test/generated_apps/src/ema_recurrence/ema_recurrence_v06.c,c
ema_recurrence_v07,ema_recurrence,v07,/home/hoju/test/posit_test/generated_apps/src/ema_recurrence/ema_recurrence_v07.c,c
ema_recurrence_v08,ema_recurrence,v08,/home/hoju/test/posit_test/generated_apps/src/ema_recurrence/ema_recurrence_v08.c,c
ema_recurrence_v09,ema_recurrence,v09,/home/hoju/test/posit_test/generated_apps/src/ema_recurrence/ema_recurrence_v09.c,c
ema_recurrence_v10,ema_recurrence,v10,/home/hoju/test/posit_test/generated_apps/src/ema_recurrence/ema_recurrence_v10.c,c
ema_recurrence_v11,ema_recurrence,v11,/home/hoju/test/posit_test/generated_apps/src/ema_recurrence/ema_recurrence_v11.c,c
ema_recurrence_v12,ema_recurrence,v12,/home/hoju/test/posit_test/generated_apps/src/ema_recurrence/ema_recurrence_v12.c,c
ema_recurrence_v13,ema_recurrence,v13,/home/hoju/test/posit_test/generated_apps/src/ema_recurrence/ema_recurrence_v13.c,c
ema_recurrence_v14,ema_recurrence,v14,/home/hoju/test/posit_test/generated_apps/src/ema_recurrence/ema_recurrence_v14.c,c
ema_recurrence_v15,ema_recurrence,v15,/home/hoju/test/posit_test/generated_apps/src/ema_recurrence/ema_recurrence_v15.c,c
ema_recurrence_v16,ema_recurrence,v16,/home/hoju/test/posit_test/generated_apps/src/ema_recurrence/ema_recurrence_v16.c,c
ema_recurrence_v17,ema_recurrence,v17,/home/hoju/test/posit_test/generated_apps/src/ema_recurrence/ema_recurrence_v17.c,c
ema_recurrence_v18,ema_recurrence,v18,/home/hoju/test/posit_test/generated_apps/src/ema_recurrence/ema_recurrence_v18.c,c
ema_recurrence_v19,ema_recurrence,v19,/home/hoju/test/posit_test/generated_apps/src/ema_recurrence/ema_recurrence_v19.c,c
ema_recurrence_v20,ema_recurrence,v20,/home/hoju/test/posit_test/generated_apps/src/ema_recurrence/ema_recurrence_v20.c,c
ema_recurrence_v21,ema_recurrence,v21,/home/hoju/test/posit_test/generated_apps/src/ema_recurrence/ema_recurrence_v21.c,c
ema_recurrence_v22,ema_recurrence,v22,/home/hoju/test/posit_test/generated_apps/src/ema_recurrence/ema_recurrence_v22.c,c
ema_recurrence_v23,ema_recurrence,v23,/home/hoju/test/posit_test/generated_apps/src/ema_recurrence/ema_recurrence_v23.c,c
ema_recurrence_v24,ema_recurrence,v24,/home/hoju/test/posit_test/generated_apps/src/ema_recurrence/ema_recurrence_v24.c,c
matvec_like_v00,matvec_like,v00,/home/hoju/test/posit_test/generated_apps/src/matvec_like/matvec_like_v00.c,c
matvec_like_v01,matvec_like,v01,/home/hoju/test/posit_test/generated_apps/src/matvec_like/matvec_like_v01.c,c
matvec_like_v02,matvec_like,v02,/home/hoju/test/posit_test/generated_apps/src/matvec_like/matvec_like_v02.c,c
matvec_like_v03,matvec_like,v03,/home/hoju/test/posit_test/generated_apps/src/matvec_like/matvec_like_v03.c,c
matvec_like_v04,matvec_like,v04,/home/hoju/test/posit_test/generated_apps/src/matvec_like/matvec_like_v04.c,c
matvec_like_v05,matvec_like,v05,/home/hoju/test/posit_test/generated_apps/src/matvec_like/matvec_like_v05.c,c
matvec_like_v06,matvec_like,v06,/home/hoju/test/posit_test/generated_apps/src/matvec_like/matvec_like_v06.c,c
matvec_like_v07,matvec_like,v07,/home/hoju/test/posit_test/generated_apps/src/matvec_like/matvec_like_v07.c,c
matvec_like_v08,matvec_like,v08,/home/hoju/test/posit_test/generated_apps/src/matvec_like/matvec_like_v08.c,c
matvec_like_v09,matvec_like,v09,/home/hoju/test/posit_test/generated_apps/src/matvec_like/matvec_like_v09.c,c
matvec_like_v10,matvec_like,v10,/home/hoju/test/posit_test/generated_apps/src/matvec_like/matvec_like_v10.c,c
matvec_like_v11,matvec_like,v11,/home/hoju/test/posit_test/generated_apps/src/matvec_like/matvec_like_v11.c,c
matvec_like_v12,matvec_like,v12,/home/hoju/test/posit_test/generated_apps/src/matvec_like/matvec_like_v12.c,c
matvec_like_v13,matvec_like,v13,/home/hoju/test/posit_test/generated_apps/src/matvec_like/matvec_like_v13.c,c
matvec_like_v14,matvec_like,v14,/home/hoju/test/posit_test/generated_apps/src/matvec_like/matvec_like_v14.c,c
matvec_like_v15,matvec_like,v15,/home/hoju/test/posit_test/generated_apps/src/matvec_like/matvec_like_v15.c,c
matvec_like_v16,matvec_like,v16,/home/hoju/test/posit_test/generated_apps/src/matvec_like/matvec_like_v16.c,c
matvec_like_v17,matvec_like,v17,/home/hoju/test/posit_test/generated_apps/src/matvec_like/matvec_like_v17.c,c
matvec_like_v18,matvec_like,v18,/home/hoju/test/posit_test/generated_apps/src/matvec_like/matvec_like_v18.c,c
matvec_like_v19,matvec_like,v19,/home/hoju/test/posit_test/generated_apps/src/matvec_like/matvec_like_v19.c,c
matvec_like_v20,matvec_like,v20,/home/hoju/test/posit_test/generated_apps/src/matvec_like/matvec_like_v20.c,c
matvec_like_v21,matvec_like,v21,/home/hoju/test/posit_test/generated_apps/src/matvec_like/matvec_like_v21.c,c
matvec_like_v22,matvec_like,v22,/home/hoju/test/posit_test/generated_apps/src/matvec_like/matvec_like_v22.c,c
matvec_like_v23,matvec_like,v23,/home/hoju/test/posit_test/generated_apps/src/matvec_like/matvec_like_v23.c,c
matvec_like_v24,matvec_like,v24,/home/hoju/test/posit_test/generated_apps/src/matvec_like/matvec_like_v24.c,c
two_stage_reduce_v00,two_stage_reduce,v00,/home/hoju/test/posit_test/generated_apps/src/two_stage_reduce/two_stage_reduce_v00.c,c
two_stage_reduce_v01,two_stage_reduce,v01,/home/hoju/test/posit_test/generated_apps/src/two_stage_reduce/two_stage_reduce_v01.c,c
two_stage_reduce_v02,two_stage_reduce,v02,/home/hoju/test/posit_test/generated_apps/src/two_stage_reduce/two_stage_reduce_v02.c,c
two_stage_reduce_v03,two_stage_reduce,v03,/home/hoju/test/posit_test/generated_apps/src/two_stage_reduce/two_stage_reduce_v03.c,c
two_stage_reduce_v04,two_stage_reduce,v04,/home/hoju/test/posit_test/generated_apps/src/two_stage_reduce/two_stage_reduce_v04.c,c
two_stage_reduce_v05,two_stage_reduce,v05,/home/hoju/test/posit_test/generated_apps/src/two_stage_reduce/two_stage_reduce_v05.c,c
two_stage_reduce_v06,two_stage_reduce,v06,/home/hoju/test/posit_test/generated_apps/src/two_stage_reduce/two_stage_reduce_v06.c,c
two_stage_reduce_v07,two_stage_reduce,v07,/home/hoju/test/posit_test/generated_apps/src/two_stage_reduce/two_stage_reduce_v07.c,c
two_stage_reduce_v08,two_stage_reduce,v08,/home/hoju/test/posit_test/generated_apps/src/two_stage_reduce/two_stage_reduce_v08.c,c
two_stage_reduce_v09,two_stage_reduce,v09,/home/hoju/test/posit_test/generated_apps/src/two_stage_reduce/two_stage_reduce_v09.c,c
two_stage_reduce_v10,two_stage_reduce,v10,/home/hoju/test/posit_test/generated_apps/src/two_stage_reduce/two_stage_reduce_v10.c,c
two_stage_reduce_v11,two_stage_reduce,v11,/home/hoju/test/posit_test/generated_apps/src/two_stage_reduce/two_stage_reduce_v11.c,c
two_stage_reduce_v12,two_stage_reduce,v12,/home/hoju/test/posit_test/generated_apps/src/two_stage_reduce/two_stage_reduce_v12.c,c
two_stage_reduce_v13,two_stage_reduce,v13,/home/hoju/test/posit_test/generated_apps/src/two_stage_reduce/two_stage_reduce_v13.c,c
two_stage_reduce_v14,two_stage_reduce,v14,/home/hoju/test/posit_test/generated_apps/src/two_stage_reduce/two_stage_reduce_v14.c,c
two_stage_reduce_v15,two_stage_reduce,v15,/home/hoju/test/posit_test/generated_apps/src/two_stage_reduce/two_stage_reduce_v15.c,c
two_stage_reduce_v16,two_stage_reduce,v16,/home/hoju/test/posit_test/generated_apps/src/two_stage_reduce/two_stage_reduce_v16.c,c
two_stage_reduce_v17,two_stage_reduce,v17,/home/hoju/test/posit_test/generated_apps/src/two_stage_reduce/two_stage_reduce_v17.c,c
two_stage_reduce_v18,two_stage_reduce,v18,/home/hoju/test/posit_test/generated_apps/src/two_stage_reduce/two_stage_reduce_v18.c,c
two_stage_reduce_v19,two_stage_reduce,v19,/home/hoju/test/posit_test/generated_apps/src/two_stage_reduce/two_stage_reduce_v19.c,c
two_stage_reduce_v20,two_stage_reduce,v20,/home/hoju/test/posit_test/generated_apps/src/two_stage_reduce/two_stage_reduce_v20.c,c
two_stage_reduce_v21,two_stage_reduce,v21,/home/hoju/test/posit_test/generated_apps/src/two_stage_reduce/two_stage_reduce_v21.c,c
two_stage_reduce_v22,two_stage_reduce,v22,/home/hoju/test/posit_test/generated_apps/src/two_stage_reduce/two_stage_reduce_v22.c,c
two_stage_reduce_v23,two_stage_reduce,v23,/home/hoju/test/posit_test/generated_apps/src/two_stage_reduce/two_stage_reduce_v23.c,c
two_stage_reduce_v24,two_stage_reduce,v24,/home/hoju/test/posit_test/generated_apps/src/two_stage_reduce/two_stage_reduce_v24.c,c
stencil1d_like_v00,stencil1d_like,v00,/home/hoju/test/posit_test/generated_apps/src/stencil1d_like/stencil1d_like_v00.c,c
stencil1d_like_v01,stencil1d_like,v01,/home/hoju/test/posit_test/generated_apps/src/stencil1d_like/stencil1d_like_v01.c,c
stencil1d_like_v02,stencil1d_like,v02,/home/hoju/test/posit_test/generated_apps/src/stencil1d_like/stencil1d_like_v02.c,c
stencil1d_like_v03,stencil1d_like,v03,/home/hoju/test/posit_test/generated_apps/src/stencil1d_like/stencil1d_like_v03.c,c
stencil1d_like_v04,stencil1d_like,v04,/home/hoju/test/posit_test/generated_apps/src/stencil1d_like/stencil1d_like_v04.c,c
stencil1d_like_v05,stencil1d_like,v05,/home/hoju/test/posit_test/generated_apps/src/stencil1d_like/stencil1d_like_v05.c,c
stencil1d_like_v06,stencil1d_like,v06,/home/hoju/test/posit_test/generated_apps/src/stencil1d_like/stencil1d_like_v06.c,c
stencil1d_like_v07,stencil1d_like,v07,/home/hoju/test/posit_test/generated_apps/src/stencil1d_like/stencil1d_like_v07.c,c
stencil1d_like_v08,stencil1d_like,v08,/home/hoju/test/posit_test/generated_apps/src/stencil1d_like/stencil1d_like_v08.c,c
stencil1d_like_v09,stencil1d_like,v09,/home/hoju/test/posit_test/generated_apps/src/stencil1d_like/stencil1d_like_v09.c,c
stencil1d_like_v10,stencil1d_like,v10,/home/hoju/test/posit_test/generated_apps/src/stencil1d_like/stencil1d_like_v10.c,c
stencil1d_like_v11,stencil1d_like,v11,/home/hoju/test/posit_test/generated_apps/src/stencil1d_like/stencil1d_like_v11.c,c
stencil1d_like_v12,stencil1d_like,v12,/home/hoju/test/posit_test/generated_apps/src/stencil1d_like/stencil1d_like_v12.c,c
stencil1d_like_v13,stencil1d_like,v13,/home/hoju/test/posit_test/generated_apps/src/stencil1d_like/stencil1d_like_v13.c,c
stencil1d_like_v14,stencil1d_like,v14,/home/hoju/test/posit_test/generated_apps/src/stencil1d_like/stencil1d_like_v14.c,c
stencil1d_like_v15,stencil1d_like,v15,/home/hoju/test/posit_test/generated_apps/src/stencil1d_like/stencil1d_like_v15.c,c
stencil1d_like_v16,stencil1d_like,v16,/home/hoju/test/posit_test/generated_apps/src/stencil1d_like/stencil1d_like_v16.c,c
stencil1d_like_v17,stencil1d_like,v17,/home/hoju/test/posit_test/generated_apps/src/stencil1d_like/stencil1d_like_v17.c,c
stencil1d_like_v18,stencil1d_like,v18,/home/hoju/test/posit_test/generated_apps/src/stencil1d_like/stencil1d_like_v18.c,c
stencil1d_like_v19,stencil1d_like,v19,/home/hoju/test/posit_test/generated_apps/src/stencil1d_like/stencil1d_like_v19.c,c
stencil1d_like_v20,stencil1d_like,v20,/home/hoju/test/posit_test/generated_apps/src/stencil1d_like/stencil1d_like_v20.c,c
stencil1d_like_v21,stencil1d_like,v21,/home/hoju/test/posit_test/generated_apps/src/stencil1d_like/stencil1d_like_v21.c,c
stencil1d_like_v22,stencil1d_like,v22,/home/hoju/test/posit_test/generated_apps/src/stencil1d_like/stencil1d_like_v22.c,c
stencil1d_like_v23,stencil1d_like,v23,/home/hoju/test/posit_test/generated_apps/src/stencil1d_like/stencil1d_like_v23.c,c
stencil1d_like_v24,stencil1d_like,v24,/home/hoju/test/posit_test/generated_apps/src/stencil1d_like/stencil1d_like_v24.c,c
