app,family,variant_id,sample_id,source_ir,function,entity_id,role,bb,def_opcode,use_count,is_loop_carried,is_output_related,fanout,reduction_depth,distance_to_output,same_loop_neighbor_count,num_arith_users,format,format_n,format_es,tol_whole_app_rel_err,actual_whole_app_rel_err,is_feasible_under_tol,margin_to_tol,label_status,notes
ema_recurrence_v00,ema_recurrence,v00,,/home/hoju/test/posit_test/generated_apps/compiled_lcs_O1/ir/ema_recurrence/ema_recurrence_v00.ll,main,%24,loop_carried_state,entry,phi,1,1,1,1,1,4,3,1,posit_8_0,8,0,1.000000e-03,1.000000e+00,0,-9.990000e-01,actual_eval,single-loop_carried_state substitution; other entities fixed to fp64
ema_recurrence_v00,ema_recurrence,v00,,/home/hoju/test/posit_test/generated_apps/compiled_lcs_O1/ir/ema_recurrence/ema_recurrence_v00.ll,main,%24,loop_carried_state,entry,phi,1,1,1,1,1,4,3,1,posit_8_1,8,1,1.000000e-03,1.006420e+00,0,-1.005420e+00,actual_eval,single-loop_carried_state substitution; other entities fixed to fp64
ema_recurrence_v00,ema_recurrence,v00,,/home/hoju/test/posit_test/generated_apps/compiled_lcs_O1/ir/ema_recurrence/ema_recurrence_v00.ll,main,%24,loop_carried_state,entry,phi,1,1,1,1,1,4,3,1,posit_8_2,8,2,1.000000e-03,2.648040e+00,0,-2.647040e+00,actual_eval,single-loop_carried_state substitution; other entities fixed to fp64
ema_recurrence_v00,ema_recurrence,v00,,/home/hoju/test/posit_test/generated_apps/compiled_lcs_O1/ir/ema_recurrence/ema_recurrence_v00.ll,main,%24,loop_carried_state,entry,phi,1,1,1,1,1,4,3,1,posit_16_0,16,0,1.000000e-03,3.915340e-03,0,-2.915340e-03,actual_eval,single-loop_carried_state substitution; other entities fixed to fp64
ema_recurrence_v00,ema_recurrence,v00,,/home/hoju/test/posit_test/generated_apps/compiled_lcs_O1/ir/ema_recurrence/ema_recurrence_v00.ll,main,%24,loop_carried_state,entry,phi,1,1,1,1,1,4,3,1,posit_16_1,16,1,1.000000e-03,9.622290e-03,0,-8.622290e-03,actual_eval,single-loop_carried_state substitution; other entities fixed to fp64
ema_recurrence_v00,ema_recurrence,v00,,/home/hoju/test/posit_test/generated_apps/compiled_lcs_O1/ir/ema_recurrence/ema_recurrence_v00.ll,main,%24,loop_carried_state,entry,phi,1,1,1,1,1,4,3,1,posit_16_2,16,2,1.000000e-03,3.922240e-03,0,-2.922240e-03,actual_eval,single-loop_carried_state substitution; other entities fixed to fp64
ema_recurrence_v00,ema_recurrence,v00,,/home/hoju/test/posit_test/generated_apps/compiled_lcs_O1/ir/ema_recurrence/ema_recurrence_v00.ll,main,%24,loop_carried_state,entry,phi,1,1,1,1,1,4,3,1,posit_32_0,32,0,1.000000e-03,9.061750e-09,1,9.999909e-04,actual_eval,single-loop_carried_state substitution; other entities fixed to fp64
ema_recurrence_v00,ema_recurrence,v00,,/home/hoju/test/posit_test/generated_apps/compiled_lcs_O1/ir/ema_recurrence/ema_recurrence_v00.ll,main,%24,loop_carried_state,entry,phi,1,1,1,1,1,4,3,1,posit_32_1,32,1,1.000000e-03,6.704220e-08,1,9.999330e-04,actual_eval,single-loop_carried_state substitution; other entities fixed to fp64
ema_recurrence_v00,ema_recurrence,v00,,/home/hoju/test/posit_test/generated_apps/compiled_lcs_O1/ir/ema_recurrence/ema_recurrence_v00.ll,main,%24,loop_carried_state,entry,phi,1,1,1,1,1,4,3,1,posit_32_2,32,2,1.000000e-03,1.105300e-07,1,9.998895e-04,actual_eval,single-loop_carried_state substitution; other entities fixed to fp64
ema_recurrence_v01,ema_recurrence,v01,,/home/hoju/test/posit_test/generated_apps/compiled_lcs_O1/ir/ema_recurrence/ema_recurrence_v01.ll,main,%24,loop_carried_state,entry,phi,1,1,1,1,1,4,3,1,posit_8_0,8,0,1.000000e-03,3.987010e-02,0,-3.887010e-02,actual_eval,single-loop_carried_state substitution; other entities fixed to fp64
ema_recurrence_v01,ema_recurrence,v01,,/home/hoju/test/posit_test/generated_apps/compiled_lcs_O1/ir/ema_recurrence/ema_recurrence_v01.ll,main,%24,loop_carried_state,entry,phi,1,1,1,1,1,4,3,1,posit_8_1,8,1,1.000000e-03,2.200970e-01,0,-2.190970e-01,actual_eval,single-loop_carried_state substitution; other entities fixed to fp64
ema_recurrence_v01,ema_recurrence,v01,,/home/hoju/test/posit_test/generated_apps/compiled_lcs_O1/ir/ema_recurrence/ema_recurrence_v01.ll,main,%24,loop_carried_state,entry,phi,1,1,1,1,1,4,3,1,posit_8_2,8,2,1.000000e-03,1.334420e-01,0,-1.324420e-01,actual_eval,single-loop_carried_state substitution; other entities fixed to fp64
ema_recurrence_v01,ema_recurrence,v01,,/home/hoju/test/posit_test/generated_apps/compiled_lcs_O1/ir/ema_recurrence/ema_recurrence_v01.ll,main,%24,loop_carried_state,entry,phi,1,1,1,1,1,4,3,1,posit_16_0,16,0,1.000000e-03,7.282220e-05,1,9.271778e-04,actual_eval,single-loop_carried_state substitution; other entities fixed to fp64
ema_recurrence_v01,ema_recurrence,v01,,/home/hoju/test/posit_test/generated_apps/compiled_lcs_O1/ir/ema_recurrence/ema_recurrence_v01.ll,main,%24,loop_carried_state,entry,phi,1,1,1,1,1,4,3,1,posit_16_1,16,1,1.000000e-03,3.785100e-04,1,6.214900e-04,actual_eval,single-loop_carried_state substitution; other entities fixed to fp64
ema_recurrence_v01,ema_recurrence,v01,,/home/hoju/test/posit_test/generated_apps/compiled_lcs_O1/ir/ema_recurrence/ema_recurrence_v01.ll,main,%24,loop_carried_state,entry,phi,1,1,1,1,1,4,3,1,posit_16_2,16,2,1.000000e-03,2.984880e-04,1,7.015120e-04,actual_eval,single-loop_carried_state substitution; other entities fixed to fp64
ema_recurrence_v01,ema_recurrence,v01,,/home/hoju/test/posit_test/generated_apps/compiled_lcs_O1/ir/ema_recurrence/ema_recurrence_v01.ll,main,%24,loop_carried_state,entry,phi,1,1,1,1,1,4,3,1,posit_32_0,32,0,1.000000e-03,2.151670e-09,1,9.999978e-04,actual_eval,single-loop_carried_state substitution; other entities fixed to fp64
ema_recurrence_v01,ema_recurrence,v01,,/home/hoju/test/posit_test/generated_apps/compiled_lcs_O1/ir/ema_recurrence/ema_recurrence_v01.ll,main,%24,loop_carried_state,entry,phi,1,1,1,1,1,4,3,1,posit_32_1,32,1,1.000000e-03,4.735120e-09,1,9.999953e-04,actual_eval,single-loop_carried_state substitution; other entities fixed to fp64
ema_recurrence_v01,ema_recurrence,v01,,/home/hoju/test/posit_test/generated_apps/compiled_lcs_O1/ir/ema_recurrence/ema_recurrence_v01.ll,main,%24,loop_carried_state,entry,phi,1,1,1,1,1,4,3,1,posit_32_2,32,2,1.000000e-03,1.248190e-08,1,9.999875e-04,actual_eval,single-loop_carried_state substitution; other entities fixed to fp64
ema_recurrence_v02,ema_recurrence,v02,,/home/hoju/test/posit_test/generated_apps/compiled_lcs_O1/ir/ema_recurrence/ema_recurrence_v02.ll,main,%24,loop_carried_state,entry,phi,1,1,1,1,1,4,3,1,posit_8_0,8,0,1.000000e-03,4.219630e-03,0,-3.219630e-03,actual_eval,single-loop_carried_state substitution; other entities fixed to fp64
ema_recurrence_v02,ema_recurrence,v02,,/home/hoju/test/posit_test/generated_apps/compiled_lcs_O1/ir/ema_recurrence/ema_recurrence_v02.ll,main,%24,loop_carried_state,entry,phi,1,1,1,1,1,4,3,1,posit_8_1,8,1,1.000000e-03,4.219630e-03,0,-3.219630e-03,actual_eval,single-loop_carried_state substitution; other entities fixed to fp64
ema_recurrence_v02,ema_recurrence,v02,,/home/hoju/test/posit_test/generated_apps/compiled_lcs_O1/ir/ema_recurrence/ema_recurrence_v02.ll,main,%24,loop_carried_state,entry,phi,1,1,1,1,1,4,3,1,posit_8_2,8,2,1.000000e-03,4.219630e-03,0,-3.219630e-03,actual_eval,single-loop_carried_state substitution; other entities fixed to fp64
ema_recurrence_v02,ema_recurrence,v02,,/home/hoju/test/posit_test/generated_apps/compiled_lcs_O1/ir/ema_recurrence/ema_recurrence_v02.ll,main,%24,loop_carried_state,entry,phi,1,1,1,1,1,4,3,1,posit_16_0,16,0,1.000000e-03,1.488660e-04,1,8.511340e-04,actual_eval,single-loop_carried_state substitution; other entities fixed to fp64
ema_recurrence_v02,ema_recurrence,v02,,/home/hoju/test/posit_test/generated_apps/compiled_lcs_O1/ir/ema_recurrence/ema_recurrence_v02.ll,main,%24,loop_carried_state,entry,phi,1,1,1,1,1,4,3,1,posit_16_1,16,1,1.000000e-03,5.971340e-05,1,9.402866e-04,actual_eval,single-loop_carried_state substitution; other entities fixed to fp64
ema_recurrence_v02,ema_recurrence,v02,,/home/hoju/test/posit_test/generated_apps/compiled_lcs_O1/ir/ema_recurrence/ema_recurrence_v02.ll,main,%24,loop_carried_state,entry,phi,1,1,1,1,1,4,3,1,posit_16_2,16,2,1.000000e-03,4.163250e-04,1,5.836750e-04,actual_eval,single-loop_carried_state substitution; other entities fixed to fp64
ema_recurrence_v02,ema_recurrence,v02,,/home/hoju/test/posit_test/generated_apps/compiled_lcs_O1/ir/ema_recurrence/ema_recurrence_v02.ll,main,%24,loop_carried_state,entry,phi,1,1,1,1,1,4,3,1,posit_32_0,32,0,1.000000e-03,1.274080e-09,1,9.999987e-04,actual_eval,single-loop_carried_state substitution; other entities fixed to fp64
ema_recurrence_v02,ema_recurrence,v02,,/home/hoju/test/posit_test/generated_apps/compiled_lcs_O1/ir/ema_recurrence/ema_recurrence_v02.ll,main,%24,loop_carried_state,entry,phi,1,1,1,1,1,4,3,1,posit_32_1,32,1,1.000000e-03,1.274080e-09,1,9.999987e-04,actual_eval,single-loop_carried_state substitution; other entities fixed to fp64
ema_recurrence_v02,ema_recurrence,v02,,/home/hoju/test/posit_test/generated_apps/compiled_lcs_O1/ir/ema_recurrence/ema_recurrence_v02.ll,main,%24,loop_carried_state,entry,phi,1,1,1,1,1,4,3,1,posit_32_2,32,2,1.000000e-03,1.274080e-09,1,9.999987e-04,actual_eval,single-loop_carried_state substitution; other entities fixed to fp64
ema_recurrence_v03,ema_recurrence,v03,,/home/hoju/test/posit_test/generated_apps/compiled_lcs_O1/ir/ema_recurrence/ema_recurrence_v03.ll,main,%24,loop_carried_state,entry,phi,1,1,1,1,1,4,3,1,posit_8_0,8,0,1.000000e-03,6.574170e-02,0,-6.474170e-02,actual_eval,single-loop_carried_state substitution; other entities fixed to fp64
ema_recurrence_v03,ema_recurrence,v03,,/home/hoju/test/posit_test/generated_apps/compiled_lcs_O1/ir/ema_recurrence/ema_recurrence_v03.ll,main,%24,loop_carried_state,entry,phi,1,1,1,1,1,4,3,1,posit_8_1,8,1,1.000000e-03,2.788900e-01,0,-2.778900e-01,actual_eval,single-loop_carried_state substitution; other entities fixed to fp64
ema_recurrence_v03,ema_recurrence,v03,,/home/hoju/test/posit_test/generated_apps/compiled_lcs_O1/ir/ema_recurrence/ema_recurrence_v03.ll,main,%24,loop_carried_state,entry,phi,1,1,1,1,1,4,3,1,posit_8_2,8,2,1.000000e-03,2.788900e-01,0,-2.778900e-01,actual_eval,single-loop_carried_state substitution; other entities fixed to fp64
ema_recurrence_v03,ema_recurrence,v03,,/home/hoju/test/posit_test/generated_apps/compiled_lcs_O1/ir/ema_recurrence/ema_recurrence_v03.ll,main,%24,loop_carried_state,entry,phi,1,1,1,1,1,4,3,1,posit_16_0,16,0,1.000000e-03,3.120590e-04,1,6.879410e-04,actual_eval,single-loop_carried_state substitution; other entities fixed to fp64
ema_recurrence_v03,ema_recurrence,v03,,/home/hoju/test/posit_test/generated_apps/compiled_lcs_O1/ir/ema_recurrence/ema_recurrence_v03.ll,main,%24,loop_carried_state,entry,phi,1,1,1,1,1,4,3,1,posit_16_1,16,1,1.000000e-03,3.120590e-04,1,6.879410e-04,actual_eval,single-loop_carried_state substitution; other entities fixed to fp64
ema_recurrence_v03,ema_recurrence,v03,,/home/hoju/test/posit_test/generated_apps/compiled_lcs_O1/ir/ema_recurrence/ema_recurrence_v03.ll,main,%24,loop_carried_state,entry,phi,1,1,1,1,1,4,3,1,posit_16_2,16,2,1.000000e-03,1.908240e-03,0,-9.082400e-04,actual_eval,single-loop_carried_state substitution; other entities fixed to fp64
ema_recurrence_v03,ema_recurrence,v03,,/home/hoju/test/posit_test/generated_apps/compiled_lcs_O1/ir/ema_recurrence/ema_recurrence_v03.ll,main,%24,loop_carried_state,entry,phi,1,1,1,1,1,4,3,1,posit_32_0,32,0,1.000000e-03,8.950390e-09,1,9.999910e-04,actual_eval,single-loop_carried_state substitution; other entities fixed to fp64
ema_recurrence_v03,ema_recurrence,v03,,/home/hoju/test/posit_test/generated_apps/compiled_lcs_O1/ir/ema_recurrence/ema_recurrence_v03.ll,main,%24,loop_carried_state,entry,phi,1,1,1,1,1,4,3,1,posit_32_1,32,1,1.000000e-03,1.645890e-08,1,9.999835e-04,actual_eval,single-loop_carried_state substitution; other entities fixed to fp64
ema_recurrence_v03,ema_recurrence,v03,,/home/hoju/test/posit_test/generated_apps/compiled_lcs_O1/ir/ema_recurrence/ema_recurrence_v03.ll,main,%24,loop_carried_state,entry,phi,1,1,1,1,1,4,3,1,posit_32_2,32,2,1.000000e-03,7.989120e-09,1,9.999920e-04,actual_eval,single-loop_carried_state substitution; other entities fixed to fp64
ema_recurrence_v04,ema_recurrence,v04,,/home/hoju/test/posit_test/generated_apps/compiled_lcs_O1/ir/ema_recurrence/ema_recurrence_v04.ll,main,%24,loop_carried_state,entry,phi,1,1,1,1,1,4,3,1,posit_8_0,8,0,1.000000e-03,1.385550e-03,0,-3.855500e-04,actual_eval,single-loop_carried_state substitution; other entities fixed to fp64
ema_recurrence_v04,ema_recurrence,v04,,/home/hoju/test/posit_test/generated_apps/compiled_lcs_O1/ir/ema_recurrence/ema_recurrence_v04.ll,main,%24,loop_carried_state,entry,phi,1,1,1,1,1,4,3,1,posit_8_1,8,1,1.000000e-03,7.291310e-02,0,-7.191310e-02,actual_eval,single-loop_carried_state substitution; other entities fixed to fp64
ema_recurrence_v04,ema_recurrence,v04,,/home/hoju/test/posit_test/generated_apps/compiled_lcs_O1/ir/ema_recurrence/ema_recurrence_v04.ll,main,%24,loop_carried_state,entry,phi,1,1,1,1,1,4,3,1,posit_8_2,8,2,1.000000e-03,7.014200e-02,0,-6.914200e-02,actual_eval,single-loop_carried_state substitution; other entities fixed to fp64
ema_recurrence_v04,ema_recurrence,v04,,/home/hoju/test/posit_test/generated_apps/compiled_lcs_O1/ir/ema_recurrence/ema_recurrence_v04.ll,main,%24,loop_carried_state,entry,phi,1,1,1,1,1,4,3,1,posit_16_0,16,0,1.000000e-03,8.131900e-05,1,9.186810e-04,actual_eval,single-loop_carried_state substitution; other entities fixed to fp64
ema_recurrence_v04,ema_recurrence,v04,,/home/hoju/test/posit_test/generated_apps/compiled_lcs_O1/ir/ema_recurrence/ema_recurrence_v04.ll,main,%24,loop_carried_state,entry,phi,1,1,1,1,1,4,3,1,posit_16_1,16,1,1.000000e-03,2.908720e-04,1,7.091280e-04,actual_eval,single-loop_carried_state substitution; other entities fixed to fp64
ema_recurrence_v04,ema_recurrence,v04,,/home/hoju/test/posit_test/generated_apps/compiled_lcs_O1/ir/ema_recurrence/ema_recurrence_v04.ll,main,%24,loop_carried_state,entry,phi,1,1,1,1,1,4,3,1,posit_16_2,16,2,1.000000e-03,2.679370e-04,1,7.320630e-04,actual_eval,single-loop_carried_state substitution; other entities fixed to fp64
ema_recurrence_v04,ema_recurrence,v04,,/home/hoju/test/posit_test/generated_apps/compiled_lcs_O1/ir/ema_recurrence/ema_recurrence_v04.ll,main,%24,loop_carried_state,entry,phi,1,1,1,1,1,4,3,1,posit_32_0,32,0,1.000000e-03,4.489140e-10,1,9.999996e-04,actual_eval,single-loop_carried_state substitution; other entities fixed to fp64
ema_recurrence_v04,ema_recurrence,v04,,/home/hoju/test/posit_test/generated_apps/compiled_lcs_O1/ir/ema_recurrence/ema_recurrence_v04.ll,main,%24,loop_carried_state,entry,phi,1,1,1,1,1,4,3,1,posit_32_1,32,1,1.000000e-03,6.169290e-10,1,9.999994e-04,actual_eval,single-loop_carried_state substitution; other entities fixed to fp64
ema_recurrence_v04,ema_recurrence,v04,,/home/hoju/test/posit_test/generated_apps/compiled_lcs_O1/ir/ema_recurrence/ema_recurrence_v04.ll,main,%24,loop_carried_state,entry,phi,1,1,1,1,1,4,3,1,posit_32_2,32,2,1.000000e-03,7.909820e-09,1,9.999921e-04,actual_eval,single-loop_carried_state substitution; other entities fixed to fp64
ema_recurrence_v05,ema_recurrence,v05,,/home/hoju/test/posit_test/generated_apps/compiled_lcs_O1/ir/ema_recurrence/ema_recurrence_v05.ll,main,%24,loop_carried_state,entry,phi,1,1,1,1,1,4,3,1,posit_8_0,8,0,1.000000e-03,2.742900e-02,0,-2.642900e-02,actual_eval,single-loop_carried_state substitution; other entities fixed to fp64
ema_recurrence_v05,ema_recurrence,v05,,/home/hoju/test/posit_test/generated_apps/compiled_lcs_O1/ir/ema_recurrence/ema_recurrence_v05.ll,main,%24,loop_carried_state,entry,phi,1,1,1,1,1,4,3,1,posit_8_1,8,1,1.000000e-03,1.485670e-02,0,-1.385670e-02,actual_eval,single-loop_carried_state substitution; other entities fixed to fp64
ema_recurrence_v05,ema_recurrence,v05,,/home/hoju/test/posit_test/generated_apps/compiled_lcs_O1/ir/ema_recurrence/ema_recurrence_v05.ll,main,%24,loop_carried_state,entry,phi,1,1,1,1,1,4,3,1,posit_8_2,8,2,1.000000e-03,1.485670e-02,0,-1.385670e-02,actual_eval,single-loop_carried_state substitution; other entities fixed to fp64
ema_recurrence_v05,ema_recurrence,v05,,/home/hoju/test/posit_test/generated_apps/compiled_lcs_O1/ir/ema_recurrence/ema_recurrence_v05.ll,main,%24,loop_carried_state,entry,phi,1,1,1,1,1,4,3,1,posit_16_0,16,0,1.000000e-03,1.558310e-04,1,8.441690e-04,actual_eval,single-loop_carried_state substitution; other entities fixed to fp64
ema_recurrence_v05,ema_recurrence,v05,,/home/hoju/test/posit_test/generated_apps/compiled_lcs_O1/ir/ema_recurrence/ema_recurrence_v05.ll,main,%24,loop_carried_state,entry,phi,1,1,1,1,1,4,3,1,posit_16_1,16,1,1.000000e-03,9.347130e-06,1,9.906529e-04,actual_eval,single-loop_carried_state substitution; other entities fixed to fp64
ema_recurrence_v05,ema_recurrence,v05,,/home/hoju/test/posit_test/generated_apps/compiled_lcs_O1/ir/ema_recurrence/ema_recurrence_v05.ll,main,%24,loop_carried_state,entry,phi,1,1,1,1,1,4,3,1,posit_16_2,16,2,1.000000e-03,3.210100e-04,1,6.789900e-04,actual_eval,single-loop_carried_state substitution; other entities fixed to fp64
ema_recurrence_v05,ema_recurrence,v05,,/home/hoju/test/posit_test/generated_apps/compiled_lcs_O1/ir/ema_recurrence/ema_recurrence_v05.ll,main,%24,loop_carried_state,entry,phi,1,1,1,1,1,4,3,1,posit_32_0,32,0,1.000000e-03,1.118880e-09,1,9.999989e-04,actual_eval,single-loop_carried_state substitution; other entities fixed to fp64
ema_recurrence_v05,ema_recurrence,v05,,/home/hoju/test/posit_test/generated_apps/compiled_lcs_O1/ir/ema_recurrence/ema_recurrence_v05.ll,main,%24,loop_carried_state,entry,phi,1,1,1,1,1,4,3,1,posit_32_1,32,1,1.000000e-03,1.401550e-09,1,9.999986e-04,actual_eval,single-loop_carried_state substitution; other entities fixed to fp64
ema_recurrence_v05,ema_recurrence,v05,,/home/hoju/test/posit_test/generated_apps/compiled_lcs_O1/ir/ema_recurrence/ema_recurrence_v05.ll,main,%24,loop_carried_state,entry,phi,1,1,1,1,1,4,3,1,posit_32_2,32,2,1.000000e-03,1.401550e-09,1,9.999986e-04,actual_eval,single-loop_carried_state substitution; other entities fixed to fp64
ema_recurrence_v06,ema_recurrence,v06,,/home/hoju/test/posit_test/generated_apps/compiled_lcs_O1/ir/ema_recurrence/ema_recurrence_v06.ll,main,%24,loop_carried_state,entry,phi,1,1,1,1,1,4,3,1,posit_8_0,8,0,1.000000e-03,3.012420e-02,0,-2.912420e-02,actual_eval,single-loop_carried_state substitution; other entities fixed to fp64
ema_recurrence_v06,ema_recurrence,v06,,/home/hoju/test/posit_test/generated_apps/compiled_lcs_O1/ir/ema_recurrence/ema_recurrence_v06.ll,main,%24,loop_carried_state,entry,phi,1,1,1,1,1,4,3,1,posit_8_1,8,1,1.000000e-03,2.119760e-01,0,-2.109760e-01,actual_eval,single-loop_carried_state substitution; other entities fixed to fp64
ema_recurrence_v06,ema_recurrence,v06,,/home/hoju/test/posit_test/generated_apps/compiled_lcs_O1/ir/ema_recurrence/ema_recurrence_v06.ll,main,%24,loop_carried_state,entry,phi,1,1,1,1,1,4,3,1,posit_8_2,8,2,1.000000e-03,3.938280e-01,0,-3.928280e-01,actual_eval,single-loop_carried_state substitution; other entities fixed to fp64
ema_recurrence_v06,ema_recurrence,v06,,/home/hoju/test/posit_test/generated_apps/compiled_lcs_O1/ir/ema_recurrence/ema_recurrence_v06.ll,main,%24,loop_carried_state,entry,phi,1,1,1,1,1,4,3,1,posit_16_0,16,0,1.000000e-03,2.891700e-04,1,7.108300e-04,actual_eval,single-loop_carried_state substitution; other entities fixed to fp64
ema_recurrence_v06,ema_recurrence,v06,,/home/hoju/test/posit_test/generated_apps/compiled_lcs_O1/ir/ema_recurrence/ema_recurrence_v06.ll,main,%24,loop_carried_state,entry,phi,1,1,1,1,1,4,3,1,posit_16_1,16,1,1.000000e-03,2.891700e-04,1,7.108300e-04,actual_eval,single-loop_carried_state substitution; other entities fixed to fp64
ema_recurrence_v06,ema_recurrence,v06,,/home/hoju/test/posit_test/generated_apps/compiled_lcs_O1/ir/ema_recurrence/ema_recurrence_v06.ll,main,%24,loop_carried_state,entry,phi,1,1,1,1,1,4,3,1,posit_16_2,16,2,1.000000e-03,2.891700e-04,1,7.108300e-04,actual_eval,single-loop_carried_state substitution; other entities fixed to fp64
ema_recurrence_v06,ema_recurrence,v06,,/home/hoju/test/posit_test/generated_apps/compiled_lcs_O1/ir/ema_recurrence/ema_recurrence_v06.ll,main,%24,loop_carried_state,entry,phi,1,1,1,1,1,4,3,1,posit_32_0,32,0,1.000000e-03,2.206910e-10,1,9.999998e-04,actual_eval,single-loop_carried_state substitution; other entities fixed to fp64
ema_recurrence_v06,ema_recurrence,v06,,/home/hoju/test/posit_test/generated_apps/compiled_lcs_O1/ir/ema_recurrence/ema_recurrence_v06.ll,main,%24,loop_carried_state,entry,phi,1,1,1,1,1,4,3,1,posit_32_1,32,1,1.000000e-03,5.640290e-09,1,9.999944e-04,actual_eval,single-loop_carried_state substitution; other entities fixed to fp64
ema_recurrence_v06,ema_recurrence,v06,,/home/hoju/test/posit_test/generated_apps/compiled_lcs_O1/ir/ema_recurrence/ema_recurrence_v06.ll,main,%24,loop_carried_state,entry,phi,1,1,1,1,1,4,3,1,posit_32_2,32,2,1.000000e-03,2.027230e-09,1,9.999980e-04,actual_eval,single-loop_carried_state substitution; other entities fixed to fp64
ema_recurrence_v07,ema_recurrence,v07,,/home/hoju/test/posit_test/generated_apps/compiled_lcs_O1/ir/ema_recurrence/ema_recurrence_v07.ll,main,%24,loop_carried_state,entry,phi,1,1,1,1,1,4,3,1,posit_8_0,8,0,1.000000e-03,1.653920e-01,0,-1.643920e-01,actual_eval,single-loop_carried_state substitution; other entities fixed to fp64
ema_recurrence_v07,ema_recurrence,v07,,/home/hoju/test/posit_test/generated_apps/compiled_lcs_O1/ir/ema_recurrence/ema_recurrence_v07.ll,main,%24,loop_carried_state,entry,phi,1,1,1,1,1,4,3,1,posit_8_1,8,1,1.000000e-03,1.556120e-01,0,-1.546120e-01,actual_eval,single-loop_carried_state substitution; other entities fixed to fp64
ema_recurrence_v07,ema_recurrence,v07,,/home/hoju/test/posit_test/generated_apps/compiled_lcs_O1/ir/ema_recurrence/ema_recurrence_v07.ll,main,%24,loop_carried_state,entry,phi,1,1,1,1,1,4,3,1,posit_8_2,8,2,1.000000e-03,2.721030e-02,0,-2.621030e-02,actual_eval,single-loop_carried_state substitution; other entities fixed to fp64
ema_recurrence_v07,ema_recurrence,v07,,/home/hoju/test/posit_test/generated_apps/compiled_lcs_O1/ir/ema_recurrence/ema_recurrence_v07.ll,main,%24,loop_carried_state,entry,phi,1,1,1,1,1,4,3,1,posit_16_0,16,0,1.000000e-03,3.764790e-04,1,6.235210e-04,actual_eval,single-loop_carried_state substitution; other entities fixed to fp64
ema_recurrence_v07,ema_recurrence,v07,,/home/hoju/test/posit_test/generated_apps/compiled_lcs_O1/ir/ema_recurrence/ema_recurrence_v07.ll,main,%24,loop_carried_state,entry,phi,1,1,1,1,1,4,3,1,posit_16_1,16,1,1.000000e-03,6.266560e-04,1,3.733440e-04,actual_eval,single-loop_carried_state substitution; other entities fixed to fp64
ema_recurrence_v07,ema_recurrence,v07,,/home/hoju/test/posit_test/generated_apps/compiled_lcs_O1/ir/ema_recurrence/ema_recurrence_v07.ll,main,%24,loop_carried_state,entry,phi,1,1,1,1,1,4,3,1,posit_16_2,16,2,1.000000e-03,8.780470e-04,1,1.219530e-04,actual_eval,single-loop_carried_state substitution; other entities fixed to fp64
ema_recurrence_v07,ema_recurrence,v07,,/home/hoju/test/posit_test/generated_apps/compiled_lcs_O1/ir/ema_recurrence/ema_recurrence_v07.ll,main,%24,loop_carried_state,entry,phi,1,1,1,1,1,4,3,1,posit_32_0,32,0,1.000000e-03,8.648560e-09,1,9.999914e-04,actual_eval,single-loop_carried_state substitution; other entities fixed to fp64
ema_recurrence_v07,ema_recurrence,v07,,/home/hoju/test/posit_test/generated_apps/compiled_lcs_O1/ir/ema_recurrence/ema_recurrence_v07.ll,main,%24,loop_carried_state,entry,phi,1,1,1,1,1,4,3,1,posit_32_1,32,1,1.000000e-03,9.952470e-10,1,9.999990e-04,actual_eval,single-loop_carried_state substitution; other entities fixed to fp64
ema_recurrence_v07,ema_recurrence,v07,,/home/hoju/test/posit_test/generated_apps/compiled_lcs_O1/ir/ema_recurrence/ema_recurrence_v07.ll,main,%24,loop_carried_state,entry,phi,1,1,1,1,1,4,3,1,posit_32_2,32,2,1.000000e-03,2.579140e-08,1,9.999742e-04,actual_eval,single-loop_carried_state substitution; other entities fixed to fp64
ema_recurrence_v08,ema_recurrence,v08,,/home/hoju/test/posit_test/generated_apps/compiled_lcs_O1/ir/ema_recurrence/ema_recurrence_v08.ll,main,%24,loop_carried_state,entry,phi,1,1,1,1,1,4,3,1,posit_8_0,8,0,1.000000e-03,5.751280e-02,0,-5.651280e-02,actual_eval,single-loop_carried_state substitution; other entities fixed to fp64
ema_recurrence_v08,ema_recurrence,v08,,/home/hoju/test/posit_test/generated_apps/compiled_lcs_O1/ir/ema_recurrence/ema_recurrence_v08.ll,main,%24,loop_carried_state,entry,phi,1,1,1,1,1,4,3,1,posit_8_1,8,1,1.000000e-03,5.998860e-02,0,-5.898860e-02,actual_eval,single-loop_carried_state substitution; other entities fixed to fp64
ema_recurrence_v08,ema_recurrence,v08,,/home/hoju/test/posit_test/generated_apps/compiled_lcs_O1/ir/ema_recurrence/ema_recurrence_v08.ll,main,%24,loop_carried_state,entry,phi,1,1,1,1,1,4,3,1,posit_8_2,8,2,1.000000e-03,5.998860e-02,0,-5.898860e-02,actual_eval,single-loop_carried_state substitution; other entities fixed to fp64
ema_recurrence_v08,ema_recurrence,v08,,/home/hoju/test/posit_test/generated_apps/compiled_lcs_O1/ir/ema_recurrence/ema_recurrence_v08.ll,main,%24,loop_carried_state,entry,phi,1,1,1,1,1,4,3,1,posit_16_0,16,0,1.000000e-03,3.199590e-04,1,6.800410e-04,actual_eval,single-loop_carried_state substitution; other entities fixed to fp64
ema_recurrence_v08,ema_recurrence,v08,,/home/hoju/test/posit_test/generated_apps/compiled_lcs_O1/ir/ema_recurrence/ema_recurrence_v08.ll,main,%24,loop_carried_state,entry,phi,1,1,1,1,1,4,3,1,posit_16_1,16,1,1.000000e-03,1.390310e-04,1,8.609690e-04,actual_eval,single-loop_carried_state substitution; other entities fixed to fp64
ema_recurrence_v08,ema_recurrence,v08,,/home/hoju/test/posit_test/generated_apps/compiled_lcs_O1/ir/ema_recurrence/ema_recurrence_v08.ll,main,%24,loop_carried_state,entry,phi,1,1,1,1,1,4,3,1,posit_16_2,16,2,1.000000e-03,7.789490e-04,1,2.210510e-04,actual_eval,single-loop_carried_state substitution; other entities fixed to fp64
ema_recurrence_v08,ema_recurrence,v08,,/home/hoju/test/posit_test/generated_apps/compiled_lcs_O1/ir/ema_recurrence/ema_recurrence_v08.ll,main,%24,loop_carried_state,entry,phi,1,1,1,1,1,4,3,1,posit_32_0,32,0,1.000000e-03,1.400540e-09,1,9.999986e-04,actual_eval,single-loop_carried_state substitution; other entities fixed to fp64
ema_recurrence_v08,ema_recurrence,v08,,/home/hoju/test/posit_test/generated_apps/compiled_lcs_O1/ir/ema_recurrence/ema_recurrence_v08.ll,main,%24,loop_carried_state,entry,phi,1,1,1,1,1,4,3,1,posit_32_1,32,1,1.000000e-03,2.101270e-09,1,9.999979e-04,actual_eval,single-loop_carried_state substitution; other entities fixed to fp64
ema_recurrence_v08,ema_recurrence,v08,,/home/hoju/test/posit_test/generated_apps/compiled_lcs_O1/ir/ema_recurrence/ema_recurrence_v08.ll,main,%24,loop_carried_state,entry,phi,1,1,1,1,1,4,3,1,posit_32_2,32,2,1.000000e-03,4.902360e-09,1,9.999951e-04,actual_eval,single-loop_carried_state substitution; other entities fixed to fp64
ema_recurrence_v09,ema_recurrence,v09,,/home/hoju/test/posit_test/generated_apps/compiled_lcs_O1/ir/ema_recurrence/ema_recurrence_v09.ll,main,%24,loop_carried_state,entry,phi,1,1,1,1,1,4,3,1,posit_8_0,8,0,1.000000e-03,9.994970e-03,0,-8.994970e-03,actual_eval,single-loop_carried_state substitution; other entities fixed to fp64
ema_recurrence_v09,ema_recurrence,v09,,/home/hoju/test/posit_test/generated_apps/compiled_lcs_O1/ir/ema_recurrence/ema_recurrence_v09.ll,main,%24,loop_carried_state,entry,phi,1,1,1,1,1,4,3,1,posit_8_1,8,1,1.000000e-03,8.706440e-02,0,-8.606440e-02,actual_eval,single-loop_carried_state substitution; other entities fixed to fp64
ema_recurrence_v09,ema_recurrence,v09,,/home/hoju/test/posit_test/generated_apps/compiled_lcs_O1/ir/ema_recurrence/ema_recurrence_v09.ll,main,%24,loop_carried_state,entry,phi,1,1,1,1,1,4,3,1,posit_8_2,8,2,1.000000e-03,6.823060e-02,0,-6.723060e-02,actual_eval,single-loop_carried_state substitution; other entities fixed to fp64
ema_recurrence_v09,ema_recurrence,v09,,/home/hoju/test/posit_test/generated_apps/compiled_lcs_O1/ir/ema_recurrence/ema_recurrence_v09.ll,main,%24,loop_carried_state,entry,phi,1,1,1,1,1,4,3,1,posit_16_0,16,0,1.000000e-03,1.427670e-05,1,9.857233e-04,actual_eval,single-loop_carried_state substitution; other entities fixed to fp64
ema_recurrence_v09,ema_recurrence,v09,,/home/hoju/test/posit_test/generated_apps/compiled_lcs_O1/ir/ema_recurrence/ema_recurrence_v09.ll,main,%24,loop_carried_state,entry,phi,1,1,1,1,1,4,3,1,posit_16_1,16,1,1.000000e-03,1.427670e-05,1,9.857233e-04,actual_eval,single-loop_carried_state substitution; other entities fixed to fp64
ema_recurrence_v09,ema_recurrence,v09,,/home/hoju/test/posit_test/generated_apps/compiled_lcs_O1/ir/ema_recurrence/ema_recurrence_v09.ll,main,%24,loop_carried_state,entry,phi,1,1,1,1,1,4,3,1,posit_16_2,16,2,1.000000e-03,6.208970e-04,1,3.791030e-04,actual_eval,single-loop_carried_state substitution; other entities fixed to fp64
ema_recurrence_v09,ema_recurrence,v09,,/home/hoju/test/posit_test/generated_apps/compiled_lcs_O1/ir/ema_recurrence/ema_recurrence_v09.ll,main,%24,loop_carried_state,entry,phi,1,1,1,1,1,4,3,1,posit_32_0,32,0,1.000000e-03,1.172460e-09,1,9.999988e-04,actual_eval,single-loop_carried_state substitution; other entities fixed to fp64
ema_recurrence_v09,ema_recurrence,v09,,/home/hoju/test/posit_test/generated_apps/compiled_lcs_O1/ir/ema_recurrence/ema_recurrence_v09.ll,main,%24,loop_carried_state,entry,phi,1,1,1,1,1,4,3,1,posit_32_1,32,1,1.000000e-03,3.486540e-09,1,9.999965e-04,actual_eval,single-loop_carried_state substitution; other entities fixed to fp64
ema_recurrence_v09,ema_recurrence,v09,,/home/hoju/test/posit_test/generated_apps/compiled_lcs_O1/ir/ema_recurrence/ema_recurrence_v09.ll,main,%24,loop_carried_state,entry,phi,1,1,1,1,1,4,3,1,posit_32_2,32,2,1.000000e-03,1.042880e-08,1,9.999896e-04,actual_eval,single-loop_carried_state substitution; other entities fixed to fp64
ema_recurrence_v10,ema_recurrence,v10,,/home/hoju/test/posit_test/generated_apps/compiled_lcs_O1/ir/ema_recurrence/ema_recurrence_v10.ll,main,%24,loop_carried_state,entry,phi,1,1,1,1,1,4,3,1,posit_8_0,8,0,1.000000e-03,1.761380e-02,0,-1.661380e-02,actual_eval,single-loop_carried_state substitution; other entities fixed to fp64
ema_recurrence_v10,ema_recurrence,v10,,/home/hoju/test/posit_test/generated_apps/compiled_lcs_O1/ir/ema_recurrence/ema_recurrence_v10.ll,main,%24,loop_carried_state,entry,phi,1,1,1,1,1,4,3,1,posit_8_1,8,1,1.000000e-03,7.117250e-02,0,-7.017250e-02,actual_eval,single-loop_carried_state substitution; other entities fixed to fp64
ema_recurrence_v10,ema_recurrence,v10,,/home/hoju/test/posit_test/generated_apps/compiled_lcs_O1/ir/ema_recurrence/ema_recurrence_v10.ll,main,%24,loop_carried_state,entry,phi,1,1,1,1,1,4,3,1,posit_8_2,8,2,1.000000e-03,3.594480e-02,0,-3.494480e-02,actual_eval,single-loop_carried_state substitution; other entities fixed to fp64
ema_recurrence_v10,ema_recurrence,v10,,/home/hoju/test/posit_test/generated_apps/compiled_lcs_O1/ir/ema_recurrence/ema_recurrence_v10.ll,main,%24,loop_carried_state,entry,phi,1,1,1,1,1,4,3,1,posit_16_0,16,0,1.000000e-03,1.692980e-04,1,8.307020e-04,actual_eval,single-loop_carried_state substitution; other entities fixed to fp64
ema_recurrence_v10,ema_recurrence,v10,,/home/hoju/test/posit_test/generated_apps/compiled_lcs_O1/ir/ema_recurrence/ema_recurrence_v10.ll,main,%24,loop_carried_state,entry,phi,1,1,1,1,1,4,3,1,posit_16_1,16,1,1.000000e-03,3.991490e-05,1,9.600851e-04,actual_eval,single-loop_carried_state substitution; other entities fixed to fp64
ema_recurrence_v10,ema_recurrence,v10,,/home/hoju/test/posit_test/generated_apps/compiled_lcs_O1/ir/ema_recurrence/ema_recurrence_v10.ll,main,%24,loop_carried_state,entry,phi,1,1,1,1,1,4,3,1,posit_16_2,16,2,1.000000e-03,3.991490e-05,1,9.600851e-04,actual_eval,single-loop_carried_state substitution; other entities fixed to fp64
ema_recurrence_v10,ema_recurrence,v10,,/home/hoju/test/posit_test/generated_apps/compiled_lcs_O1/ir/ema_recurrence/ema_recurrence_v10.ll,main,%24,loop_carried_state,entry,phi,1,1,1,1,1,4,3,1,posit_32_0,32,0,1.000000e-03,5.548450e-10,1,9.999994e-04,actual_eval,single-loop_carried_state substitution; other entities fixed to fp64
ema_recurrence_v10,ema_recurrence,v10,,/home/hoju/test/posit_test/generated_apps/compiled_lcs_O1/ir/ema_recurrence/ema_recurrence_v10.ll,main,%24,loop_carried_state,entry,phi,1,1,1,1,1,4,3,1,posit_32_1,32,1,1.000000e-03,1.041330e-09,1,9.999990e-04,actual_eval,single-loop_carried_state substitution; other entities fixed to fp64
ema_recurrence_v10,ema_recurrence,v10,,/home/hoju/test/posit_test/generated_apps/compiled_lcs_O1/ir/ema_recurrence/ema_recurrence_v10.ll,main,%24,loop_carried_state,entry,phi,1,1,1,1,1,4,3,1,posit_32_2,32,2,1.000000e-03,8.535700e-09,1,9.999915e-04,actual_eval,single-loop_carried_state substitution; other entities fixed to fp64
ema_recurrence_v11,ema_recurrence,v11,,/home/hoju/test/posit_test/generated_apps/compiled_lcs_O1/ir/ema_recurrence/ema_recurrence_v11.ll,main,%24,loop_carried_state,entry,phi,1,1,1,1,1,4,3,1,posit_8_0,8,0,1.000000e-03,2.586080e-02,0,-2.486080e-02,actual_eval,single-loop_carried_state substitution; other entities fixed to fp64
ema_recurrence_v11,ema_recurrence,v11,,/home/hoju/test/posit_test/generated_apps/compiled_lcs_O1/ir/ema_recurrence/ema_recurrence_v11.ll,main,%24,loop_carried_state,entry,phi,1,1,1,1,1,4,3,1,posit_8_1,8,1,1.000000e-03,1.828830e-01,0,-1.818830e-01,actual_eval,single-loop_carried_state substitution; other entities fixed to fp64
ema_recurrence_v11,ema_recurrence,v11,,/home/hoju/test/posit_test/generated_apps/compiled_lcs_O1/ir/ema_recurrence/ema_recurrence_v11.ll,main,%24,loop_carried_state,entry,phi,1,1,1,1,1,4,3,1,posit_8_2,8,2,1.000000e-03,1.133020e-01,0,-1.123020e-01,actual_eval,single-loop_carried_state substitution; other entities fixed to fp64
ema_recurrence_v11,ema_recurrence,v11,,/home/hoju/test/posit_test/generated_apps/compiled_lcs_O1/ir/ema_recurrence/ema_recurrence_v11.ll,main,%24,loop_carried_state,entry,phi,1,1,1,1,1,4,3,1,posit_16_0,16,0,1.000000e-03,3.959740e-05,1,9.604026e-04,actual_eval,single-loop_carried_state substitution; other entities fixed to fp64
ema_recurrence_v11,ema_recurrence,v11,,/home/hoju/test/posit_test/generated_apps/compiled_lcs_O1/ir/ema_recurrence/ema_recurrence_v11.ll,main,%24,loop_carried_state,entry,phi,1,1,1,1,1,4,3,1,posit_16_1,16,1,1.000000e-03,3.681060e-04,1,6.318940e-04,actual_eval,single-loop_carried_state substitution; other entities fixed to fp64
ema_recurrence_v11,ema_recurrence,v11,,/home/hoju/test/posit_test/generated_apps/compiled_lcs_O1/ir/ema_recurrence/ema_recurrence_v11.ll,main,%24,loop_carried_state,entry,phi,1,1,1,1,1,4,3,1,posit_16_2,16,2,1.000000e-03,2.322050e-04,1,7.677950e-04,actual_eval,single-loop_carried_state substitution; other entities fixed to fp64
ema_recurrence_v11,ema_recurrence,v11,,/home/hoju/test/posit_test/generated_apps/compiled_lcs_O1/ir/ema_recurrence/ema_recurrence_v11.ll,main,%24,loop_carried_state,entry,phi,1,1,1,1,1,4,3,1,posit_32_0,32,0,1.000000e-03,1.670790e-09,1,9.999983e-04,actual_eval,single-loop_carried_state substitution; other entities fixed to fp64
ema_recurrence_v11,ema_recurrence,v11,,/home/hoju/test/posit_test/generated_apps/compiled_lcs_O1/ir/ema_recurrence/ema_recurrence_v11.ll,main,%24,loop_carried_state,entry,phi,1,1,1,1,1,4,3,1,posit_32_1,32,1,1.000000e-03,7.891850e-09,1,9.999921e-04,actual_eval,single-loop_carried_state substitution; other entities fixed to fp64
ema_recurrence_v11,ema_recurrence,v11,,/home/hoju/test/posit_test/generated_apps/compiled_lcs_O1/ir/ema_recurrence/ema_recurrence_v11.ll,main,%24,loop_carried_state,entry,phi,1,1,1,1,1,4,3,1,posit_32_2,32,2,1.000000e-03,9.965530e-09,1,9.999900e-04,actual_eval,single-loop_carried_state substitution; other entities fixed to fp64
ema_recurrence_v12,ema_recurrence,v12,,/home/hoju/test/posit_test/generated_apps/compiled_lcs_O1/ir/ema_recurrence/ema_recurrence_v12.ll,main,%24,loop_carried_state,entry,phi,1,1,1,1,1,4,3,1,posit_8_0,8,0,1.000000e-03,2.180010e-01,0,-2.170010e-01,actual_eval,single-loop_carried_state substitution; other entities fixed to fp64
ema_recurrence_v12,ema_recurrence,v12,,/home/hoju/test/posit_test/generated_apps/compiled_lcs_O1/ir/ema_recurrence/ema_recurrence_v12.ll,main,%24,loop_carried_state,entry,phi,1,1,1,1,1,4,3,1,posit_8_1,8,1,1.000000e-03,6.160150e-02,0,-6.060150e-02,actual_eval,single-loop_carried_state substitution; other entities fixed to fp64
ema_recurrence_v12,ema_recurrence,v12,,/home/hoju/test/posit_test/generated_apps/compiled_lcs_O1/ir/ema_recurrence/ema_recurrence_v12.ll,main,%24,loop_carried_state,entry,phi,1,1,1,1,1,4,3,1,posit_8_2,8,2,1.000000e-03,4.266500e-02,0,-4.166500e-02,actual_eval,single-loop_carried_state substitution; other entities fixed to fp64
ema_recurrence_v12,ema_recurrence,v12,,/home/hoju/test/posit_test/generated_apps/compiled_lcs_O1/ir/ema_recurrence/ema_recurrence_v12.ll,main,%24,loop_carried_state,entry,phi,1,1,1,1,1,4,3,1,posit_16_0,16,0,1.000000e-03,3.042430e-04,1,6.957570e-04,actual_eval,single-loop_carried_state substitution; other entities fixed to fp64
ema_recurrence_v12,ema_recurrence,v12,,/home/hoju/test/posit_test/generated_apps/compiled_lcs_O1/ir/ema_recurrence/ema_recurrence_v12.ll,main,%24,loop_carried_state,entry,phi,1,1,1,1,1,4,3,1,posit_16_1,16,1,1.000000e-03,3.066940e-04,1,6.933060e-04,actual_eval,single-loop_carried_state substitution; other entities fixed to fp64
ema_recurrence_v12,ema_recurrence,v12,,/home/hoju/test/posit_test/generated_apps/compiled_lcs_O1/ir/ema_recurrence/ema_recurrence_v12.ll,main,%24,loop_carried_state,entry,phi,1,1,1,1,1,4,3,1,posit_16_2,16,2,1.000000e-03,7.139850e-04,1,2.860150e-04,actual_eval,single-loop_carried_state substitution; other entities fixed to fp64
ema_recurrence_v12,ema_recurrence,v12,,/home/hoju/test/posit_test/generated_apps/compiled_lcs_O1/ir/ema_recurrence/ema_recurrence_v12.ll,main,%24,loop_carried_state,entry,phi,1,1,1,1,1,4,3,1,posit_32_0,32,0,1.000000e-03,5.171750e-09,1,9.999948e-04,actual_eval,single-loop_carried_state substitution; other entities fixed to fp64
ema_recurrence_v12,ema_recurrence,v12,,/home/hoju/test/posit_test/generated_apps/compiled_lcs_O1/ir/ema_recurrence/ema_recurrence_v12.ll,main,%24,loop_carried_state,entry,phi,1,1,1,1,1,4,3,1,posit_32_1,32,1,1.000000e-03,2.064370e-09,1,9.999979e-04,actual_eval,single-loop_carried_state substitution; other entities fixed to fp64
ema_recurrence_v12,ema_recurrence,v12,,/home/hoju/test/posit_test/generated_apps/compiled_lcs_O1/ir/ema_recurrence/ema_recurrence_v12.ll,main,%24,loop_carried_state,entry,phi,1,1,1,1,1,4,3,1,posit_32_2,32,2,1.000000e-03,7.257780e-09,1,9.999927e-04,actual_eval,single-loop_carried_state substitution; other entities fixed to fp64
ema_recurrence_v13,ema_recurrence,v13,,/home/hoju/test/posit_test/generated_apps/compiled_lcs_O1/ir/ema_recurrence/ema_recurrence_v13.ll,main,%24,loop_carried_state,entry,phi,1,1,1,1,1,4,3,1,posit_8_0,8,0,1.000000e-03,4.951490e-02,0,-4.851490e-02,actual_eval,single-loop_carried_state substitution; other entities fixed to fp64
ema_recurrence_v13,ema_recurrence,v13,,/home/hoju/test/posit_test/generated_apps/compiled_lcs_O1/ir/ema_recurrence/ema_recurrence_v13.ll,main,%24,loop_carried_state,entry,phi,1,1,1,1,1,4,3,1,posit_8_1,8,1,1.000000e-03,3.003230e-01,0,-2.993230e-01,actual_eval,single-loop_carried_state substitution; other entities fixed to fp64
ema_recurrence_v13,ema_recurrence,v13,,/home/hoju/test/posit_test/generated_apps/compiled_lcs_O1/ir/ema_recurrence/ema_recurrence_v13.ll,main,%24,loop_carried_state,entry,phi,1,1,1,1,1,4,3,1,posit_8_2,8,2,1.000000e-03,1.254040e-01,0,-1.244040e-01,actual_eval,single-loop_carried_state substitution; other entities fixed to fp64
ema_recurrence_v13,ema_recurrence,v13,,/home/hoju/test/posit_test/generated_apps/compiled_lcs_O1/ir/ema_recurrence/ema_recurrence_v13.ll,main,%24,loop_carried_state,entry,phi,1,1,1,1,1,4,3,1,posit_16_0,16,0,1.000000e-03,1.936030e-04,1,8.063970e-04,actual_eval,single-loop_carried_state substitution; other entities fixed to fp64
ema_recurrence_v13,ema_recurrence,v13,,/home/hoju/test/posit_test/generated_apps/compiled_lcs_O1/ir/ema_recurrence/ema_recurrence_v13.ll,main,%24,loop_carried_state,entry,phi,1,1,1,1,1,4,3,1,posit_16_1,16,1,1.000000e-03,8.313140e-04,1,1.686860e-04,actual_eval,single-loop_carried_state substitution; other entities fixed to fp64
ema_recurrence_v13,ema_recurrence,v13,,/home/hoju/test/posit_test/generated_apps/compiled_lcs_O1/ir/ema_recurrence/ema_recurrence_v13.ll,main,%24,loop_carried_state,entry,phi,1,1,1,1,1,4,3,1,posit_16_2,16,2,1.000000e-03,1.389340e-03,0,-3.893400e-04,actual_eval,single-loop_carried_state substitution; other entities fixed to fp64
ema_recurrence_v13,ema_recurrence,v13,,/home/hoju/test/posit_test/generated_apps/compiled_lcs_O1/ir/ema_recurrence/ema_recurrence_v13.ll,main,%24,loop_carried_state,entry,phi,1,1,1,1,1,4,3,1,posit_32_0,32,0,1.000000e-03,1.171100e-10,1,9.999999e-04,actual_eval,single-loop_carried_state substitution; other entities fixed to fp64
ema_recurrence_v13,ema_recurrence,v13,,/home/hoju/test/posit_test/generated_apps/compiled_lcs_O1/ir/ema_recurrence/ema_recurrence_v13.ll,main,%24,loop_carried_state,entry,phi,1,1,1,1,1,4,3,1,posit_32_1,32,1,1.000000e-03,7.936610e-09,1,9.999921e-04,actual_eval,single-loop_carried_state substitution; other entities fixed to fp64
ema_recurrence_v13,ema_recurrence,v13,,/home/hoju/test/posit_test/generated_apps/compiled_lcs_O1/ir/ema_recurrence/ema_recurrence_v13.ll,main,%24,loop_carried_state,entry,phi,1,1,1,1,1,4,3,1,posit_32_2,32,2,1.000000e-03,3.376740e-08,1,9.999662e-04,actual_eval,single-loop_carried_state substitution; other entities fixed to fp64
ema_recurrence_v14,ema_recurrence,v14,,/home/hoju/test/posit_test/generated_apps/compiled_lcs_O1/ir/ema_recurrence/ema_recurrence_v14.ll,main,%24,loop_carried_state,entry,phi,1,1,1,1,1,4,3,1,posit_8_0,8,0,1.000000e-03,2.316450e-02,0,-2.216450e-02,actual_eval,single-loop_carried_state substitution; other entities fixed to fp64
ema_recurrence_v14,ema_recurrence,v14,,/home/hoju/test/posit_test/generated_apps/compiled_lcs_O1/ir/ema_recurrence/ema_recurrence_v14.ll,main,%24,loop_carried_state,entry,phi,1,1,1,1,1,4,3,1,posit_8_1,8,1,1.000000e-03,9.961520e-02,0,-9.861520e-02,actual_eval,single-loop_carried_state substitution; other entities fixed to fp64
ema_recurrence_v14,ema_recurrence,v14,,/home/hoju/test/posit_test/generated_apps/compiled_lcs_O1/ir/ema_recurrence/ema_recurrence_v14.ll,main,%24,loop_carried_state,entry,phi,1,1,1,1,1,4,3,1,posit_8_2,8,2,1.000000e-03,9.961520e-02,0,-9.861520e-02,actual_eval,single-loop_carried_state substitution; other entities fixed to fp64
ema_recurrence_v14,ema_recurrence,v14,,/home/hoju/test/posit_test/generated_apps/compiled_lcs_O1/ir/ema_recurrence/ema_recurrence_v14.ll,main,%24,loop_carried_state,entry,phi,1,1,1,1,1,4,3,1,posit_16_0,16,0,1.000000e-03,9.646490e-05,1,9.035351e-04,actual_eval,single-loop_carried_state substitution; other entities fixed to fp64
ema_recurrence_v14,ema_recurrence,v14,,/home/hoju/test/posit_test/generated_apps/compiled_lcs_O1/ir/ema_recurrence/ema_recurrence_v14.ll,main,%24,loop_carried_state,entry,phi,1,1,1,1,1,4,3,1,posit_16_1,16,1,1.000000e-03,1.653010e-05,1,9.834699e-04,actual_eval,single-loop_carried_state substitution; other entities fixed to fp64
ema_recurrence_v14,ema_recurrence,v14,,/home/hoju/test/posit_test/generated_apps/compiled_lcs_O1/ir/ema_recurrence/ema_recurrence_v14.ll,main,%24,loop_carried_state,entry,phi,1,1,1,1,1,4,3,1,posit_16_2,16,2,1.000000e-03,8.158770e-04,1,1.841230e-04,actual_eval,single-loop_carried_state substitution; other entities fixed to fp64
ema_recurrence_v14,ema_recurrence,v14,,/home/hoju/test/posit_test/generated_apps/compiled_lcs_O1/ir/ema_recurrence/ema_recurrence_v14.ll,main,%24,loop_carried_state,entry,phi,1,1,1,1,1,4,3,1,posit_32_0,32,0,1.000000e-03,1.785480e-09,1,9.999982e-04,actual_eval,single-loop_carried_state substitution; other entities fixed to fp64
ema_recurrence_v14,ema_recurrence,v14,,/home/hoju/test/posit_test/generated_apps/compiled_lcs_O1/ir/ema_recurrence/ema_recurrence_v14.ll,main,%24,loop_carried_state,entry,phi,1,1,1,1,1,4,3,1,posit_32_1,32,1,1.000000e-03,6.664310e-09,1,9.999933e-04,actual_eval,single-loop_carried_state substitution; other entities fixed to fp64
ema_recurrence_v14,ema_recurrence,v14,,/home/hoju/test/posit_test/generated_apps/compiled_lcs_O1/ir/ema_recurrence/ema_recurrence_v14.ll,main,%24,loop_carried_state,entry,phi,1,1,1,1,1,4,3,1,posit_32_2,32,2,1.000000e-03,4.224900e-09,1,9.999958e-04,actual_eval,single-loop_carried_state substitution; other entities fixed to fp64
ema_recurrence_v15,ema_recurrence,v15,,/home/hoju/test/posit_test/generated_apps/compiled_lcs_O1/ir/ema_recurrence/ema_recurrence_v15.ll,main,%24,loop_carried_state,entry,phi,1,1,1,1,1,4,3,1,posit_8_0,8,0,1.000000e-03,1.086650e-02,0,-9.866500e-03,actual_eval,single-loop_carried_state substitution; other entities fixed to fp64
ema_recurrence_v15,ema_recurrence,v15,,/home/hoju/test/posit_test/generated_apps/compiled_lcs_O1/ir/ema_recurrence/ema_recurrence_v15.ll,main,%24,loop_carried_state,entry,phi,1,1,1,1,1,4,3,1,posit_8_1,8,1,1.000000e-03,2.057480e-01,0,-2.047480e-01,actual_eval,single-loop_carried_state substitution; other entities fixed to fp64
ema_recurrence_v15,ema_recurrence,v15,,/home/hoju/test/posit_test/generated_apps/compiled_lcs_O1/ir/ema_recurrence/ema_recurrence_v15.ll,main,%24,loop_carried_state,entry,phi,1,1,1,1,1,4,3,1,posit_8_2,8,2,1.000000e-03,1.335430e-01,0,-1.325430e-01,actual_eval,single-loop_carried_state substitution; other entities fixed to fp64
ema_recurrence_v15,ema_recurrence,v15,,/home/hoju/test/posit_test/generated_apps/compiled_lcs_O1/ir/ema_recurrence/ema_recurrence_v15.ll,main,%24,loop_carried_state,entry,phi,1,1,1,1,1,4,3,1,posit_16_0,16,0,1.000000e-03,1.486390e-04,1,8.513610e-04,actual_eval,single-loop_carried_state substitution; other entities fixed to fp64
ema_recurrence_v15,ema_recurrence,v15,,/home/hoju/test/posit_test/generated_apps/compiled_lcs_O1/ir/ema_recurrence/ema_recurrence_v15.ll,main,%24,loop_carried_state,entry,phi,1,1,1,1,1,4,3,1,posit_16_1,16,1,1.000000e-03,1.486390e-04,1,8.513610e-04,actual_eval,single-loop_carried_state substitution; other entities fixed to fp64
ema_recurrence_v15,ema_recurrence,v15,,/home/hoju/test/posit_test/generated_apps/compiled_lcs_O1/ir/ema_recurrence/ema_recurrence_v15.ll,main,%24,loop_carried_state,entry,phi,1,1,1,1,1,4,3,1,posit_16_2,16,2,1.000000e-03,1.261610e-03,0,-2.616100e-04,actual_eval,single-loop_carried_state substitution; other entities fixed to fp64
ema_recurrence_v15,ema_recurrence,v15,,/home/hoju/test/posit_test/generated_apps/compiled_lcs_O1/ir/ema_recurrence/ema_recurrence_v15.ll,main,%24,loop_carried_state,entry,phi,1,1,1,1,1,4,3,1,posit_32_0,32,0,1.000000e-03,8.284320e-09,1,9.999917e-04,actual_eval,single-loop_carried_state substitution; other entities fixed to fp64
ema_recurrence_v15,ema_recurrence,v15,,/home/hoju/test/posit_test/generated_apps/compiled_lcs_O1/ir/ema_recurrence/ema_recurrence_v15.ll,main,%24,loop_carried_state,entry,phi,1,1,1,1,1,4,3,1,posit_32_1,32,1,1.000000e-03,4.626890e-09,1,9.999954e-04,actual_eval,single-loop_carried_state substitution; other entities fixed to fp64
ema_recurrence_v15,ema_recurrence,v15,,/home/hoju/test/posit_test/generated_apps/compiled_lcs_O1/ir/ema_recurrence/ema_recurrence_v15.ll,main,%24,loop_carried_state,entry,phi,1,1,1,1,1,4,3,1,posit_32_2,32,2,1.000000e-03,3.980580e-09,1,9.999960e-04,actual_eval,single-loop_carried_state substitution; other entities fixed to fp64
ema_recurrence_v16,ema_recurrence,v16,,/home/hoju/test/posit_test/generated_apps/compiled_lcs_O1/ir/ema_recurrence/ema_recurrence_v16.ll,main,%24,loop_carried_state,entry,phi,1,1,1,1,1,4,3,1,posit_8_0,8,0,1.000000e-03,2.282370e-02,0,-2.182370e-02,actual_eval,single-loop_carried_state substitution; other entities fixed to fp64
ema_recurrence_v16,ema_recurrence,v16,,/home/hoju/test/posit_test/generated_apps/compiled_lcs_O1/ir/ema_recurrence/ema_recurrence_v16.ll,main,%24,loop_carried_state,entry,phi,1,1,1,1,1,4,3,1,posit_8_1,8,1,1.000000e-03,1.015020e-01,0,-1.005020e-01,actual_eval,single-loop_carried_state substitution; other entities fixed to fp64
ema_recurrence_v16,ema_recurrence,v16,,/home/hoju/test/posit_test/generated_apps/compiled_lcs_O1/ir/ema_recurrence/ema_recurrence_v16.ll,main,%24,loop_carried_state,entry,phi,1,1,1,1,1,4,3,1,posit_8_2,8,2,1.000000e-03,2.282370e-02,0,-2.182370e-02,actual_eval,single-loop_carried_state substitution; other entities fixed to fp64
ema_recurrence_v16,ema_recurrence,v16,,/home/hoju/test/posit_test/generated_apps/compiled_lcs_O1/ir/ema_recurrence/ema_recurrence_v16.ll,main,%24,loop_carried_state,entry,phi,1,1,1,1,1,4,3,1,posit_16_0,16,0,1.000000e-03,3.781350e-06,1,9.962187e-04,actual_eval,single-loop_carried_state substitution; other entities fixed to fp64
ema_recurrence_v16,ema_recurrence,v16,,/home/hoju/test/posit_test/generated_apps/compiled_lcs_O1/ir/ema_recurrence/ema_recurrence_v16.ll,main,%24,loop_carried_state,entry,phi,1,1,1,1,1,4,3,1,posit_16_1,16,1,1.000000e-03,3.803920e-04,1,6.196080e-04,actual_eval,single-loop_carried_state substitution; other entities fixed to fp64
ema_recurrence_v16,ema_recurrence,v16,,/home/hoju/test/posit_test/generated_apps/compiled_lcs_O1/ir/ema_recurrence/ema_recurrence_v16.ll,main,%24,loop_carried_state,entry,phi,1,1,1,1,1,4,3,1,posit_16_2,16,2,1.000000e-03,1.002630e-03,0,-2.630000e-06,actual_eval,single-loop_carried_state substitution; other entities fixed to fp64
ema_recurrence_v16,ema_recurrence,v16,,/home/hoju/test/posit_test/generated_apps/compiled_lcs_O1/ir/ema_recurrence/ema_recurrence_v16.ll,main,%24,loop_carried_state,entry,phi,1,1,1,1,1,4,3,1,posit_32_0,32,0,1.000000e-03,3.469480e-10,1,9.999997e-04,actual_eval,single-loop_carried_state substitution; other entities fixed to fp64
ema_recurrence_v16,ema_recurrence,v16,,/home/hoju/test/posit_test/generated_apps/compiled_lcs_O1/ir/ema_recurrence/ema_recurrence_v16.ll,main,%24,loop_carried_state,entry,phi,1,1,1,1,1,4,3,1,posit_32_1,32,1,1.000000e-03,8.254570e-10,1,9.999992e-04,actual_eval,single-loop_carried_state substitution; other entities fixed to fp64
ema_recurrence_v16,ema_recurrence,v16,,/home/hoju/test/posit_test/generated_apps/compiled_lcs_O1/ir/ema_recurrence/ema_recurrence_v16.ll,main,%24,loop_carried_state,entry,phi,1,1,1,1,1,4,3,1,posit_32_2,32,2,1.000000e-03,1.254950e-08,1,9.999875e-04,actual_eval,single-loop_carried_state substitution; other entities fixed to fp64
ema_recurrence_v17,ema_recurrence,v17,,/home/hoju/test/posit_test/generated_apps/compiled_lcs_O1/ir/ema_recurrence/ema_recurrence_v17.ll,main,%24,loop_carried_state,entry,phi,1,1,1,1,1,4,3,1,posit_8_0,8,0,1.000000e-03,3.196300e-02,0,-3.096300e-02,actual_eval,single-loop_carried_state substitution; other entities fixed to fp64
ema_recurrence_v17,ema_recurrence,v17,,/home/hoju/test/posit_test/generated_apps/compiled_lcs_O1/ir/ema_recurrence/ema_recurrence_v17.ll,main,%24,loop_carried_state,entry,phi,1,1,1,1,1,4,3,1,posit_8_1,8,1,1.000000e-03,3.196300e-02,0,-3.096300e-02,actual_eval,single-loop_carried_state substitution; other entities fixed to fp64
ema_recurrence_v17,ema_recurrence,v17,,/home/hoju/test/posit_test/generated_apps/compiled_lcs_O1/ir/ema_recurrence/ema_recurrence_v17.ll,main,%24,loop_carried_state,entry,phi,1,1,1,1,1,4,3,1,posit_8_2,8,2,1.000000e-03,3.196300e-02,0,-3.096300e-02,actual_eval,single-loop_carried_state substitution; other entities fixed to fp64
ema_recurrence_v17,ema_recurrence,v17,,/home/hoju/test/posit_test/generated_apps/compiled_lcs_O1/ir/ema_recurrence/ema_recurrence_v17.ll,main,%24,loop_carried_state,entry,phi,1,1,1,1,1,4,3,1,posit_16_0,16,0,1.000000e-03,1.102390e-05,1,9.889761e-04,actual_eval,single-loop_carried_state substitution; other entities fixed to fp64
ema_recurrence_v17,ema_recurrence,v17,,/home/hoju/test/posit_test/generated_apps/compiled_lcs_O1/ir/ema_recurrence/ema_recurrence_v17.ll,main,%24,loop_carried_state,entry,phi,1,1,1,1,1,4,3,1,posit_16_1,16,1,1.000000e-03,4.470560e-04,1,5.529440e-04,actual_eval,single-loop_carried_state substitution; other entities fixed to fp64
ema_recurrence_v17,ema_recurrence,v17,,/home/hoju/test/posit_test/generated_apps/compiled_lcs_O1/ir/ema_recurrence/ema_recurrence_v17.ll,main,%24,loop_carried_state,entry,phi,1,1,1,1,1,4,3,1,posit_16_2,16,2,1.000000e-03,4.470560e-04,1,5.529440e-04,actual_eval,single-loop_carried_state substitution; other entities fixed to fp64
ema_recurrence_v17,ema_recurrence,v17,,/home/hoju/test/posit_test/generated_apps/compiled_lcs_O1/ir/ema_recurrence/ema_recurrence_v17.ll,main,%24,loop_carried_state,entry,phi,1,1,1,1,1,4,3,1,posit_32_0,32,0,1.000000e-03,1.724120e-09,1,9.999983e-04,actual_eval,single-loop_carried_state substitution; other entities fixed to fp64
ema_recurrence_v17,ema_recurrence,v17,,/home/hoju/test/posit_test/generated_apps/compiled_lcs_O1/ir/ema_recurrence/ema_recurrence_v17.ll,main,%24,loop_carried_state,entry,phi,1,1,1,1,1,4,3,1,posit_32_1,32,1,1.000000e-03,3.122070e-09,1,9.999969e-04,actual_eval,single-loop_carried_state substitution; other entities fixed to fp64
ema_recurrence_v17,ema_recurrence,v17,,/home/hoju/test/posit_test/generated_apps/compiled_lcs_O1/ir/ema_recurrence/ema_recurrence_v17.ll,main,%24,loop_carried_state,entry,phi,1,1,1,1,1,4,3,1,posit_32_2,32,2,1.000000e-03,3.122070e-09,1,9.999969e-04,actual_eval,single-loop_carried_state substitution; other entities fixed to fp64
ema_recurrence_v18,ema_recurrence,v18,,/home/hoju/test/posit_test/generated_apps/compiled_lcs_O1/ir/ema_recurrence/ema_recurrence_v18.ll,main,%24,loop_carried_state,entry,phi,1,1,1,1,1,4,3,1,posit_8_0,8,0,1.000000e-03,7.742890e-02,0,-7.642890e-02,actual_eval,single-loop_carried_state substitution; other entities fixed to fp64
ema_recurrence_v18,ema_recurrence,v18,,/home/hoju/test/posit_test/generated_apps/compiled_lcs_O1/ir/ema_recurrence/ema_recurrence_v18.ll,main,%24,loop_carried_state,entry,phi,1,1,1,1,1,4,3,1,posit_8_1,8,1,1.000000e-03,2.098850e-01,0,-2.088850e-01,actual_eval,single-loop_carried_state substitution; other entities fixed to fp64
ema_recurrence_v18,ema_recurrence,v18,,/home/hoju/test/posit_test/generated_apps/compiled_lcs_O1/ir/ema_recurrence/ema_recurrence_v18.ll,main,%24,loop_carried_state,entry,phi,1,1,1,1,1,4,3,1,posit_8_2,8,2,1.000000e-03,4.253710e-01,0,-4.243710e-01,actual_eval,single-loop_carried_state substitution; other entities fixed to fp64
ema_recurrence_v18,ema_recurrence,v18,,/home/hoju/test/posit_test/generated_apps/compiled_lcs_O1/ir/ema_recurrence/ema_recurrence_v18.ll,main,%24,loop_carried_state,entry,phi,1,1,1,1,1,4,3,1,posit_16_0,16,0,1.000000e-03,1.516070e-04,1,8.483930e-04,actual_eval,single-loop_carried_state substitution; other entities fixed to fp64
ema_recurrence_v18,ema_recurrence,v18,,/home/hoju/test/posit_test/generated_apps/compiled_lcs_O1/ir/ema_recurrence/ema_recurrence_v18.ll,main,%24,loop_carried_state,entry,phi,1,1,1,1,1,4,3,1,posit_16_1,16,1,1.000000e-03,4.321880e-04,1,5.678120e-04,actual_eval,single-loop_carried_state substitution; other entities fixed to fp64
ema_recurrence_v18,ema_recurrence,v18,,/home/hoju/test/posit_test/generated_apps/compiled_lcs_O1/ir/ema_recurrence/ema_recurrence_v18.ll,main,%24,loop_carried_state,entry,phi,1,1,1,1,1,4,3,1,posit_16_2,16,2,1.000000e-03,8.530590e-04,1,1.469410e-04,actual_eval,single-loop_carried_state substitution; other entities fixed to fp64
ema_recurrence_v18,ema_recurrence,v18,,/home/hoju/test/posit_test/generated_apps/compiled_lcs_O1/ir/ema_recurrence/ema_recurrence_v18.ll,main,%24,loop_carried_state,entry,phi,1,1,1,1,1,4,3,1,posit_32_0,32,0,1.000000e-03,3.967740e-10,1,9.999996e-04,actual_eval,single-loop_carried_state substitution; other entities fixed to fp64
ema_recurrence_v18,ema_recurrence,v18,,/home/hoju/test/posit_test/generated_apps/compiled_lcs_O1/ir/ema_recurrence/ema_recurrence_v18.ll,main,%24,loop_carried_state,entry,phi,1,1,1,1,1,4,3,1,posit_32_1,32,1,1.000000e-03,1.244720e-08,1,9.999876e-04,actual_eval,single-loop_carried_state substitution; other entities fixed to fp64
ema_recurrence_v18,ema_recurrence,v18,,/home/hoju/test/posit_test/generated_apps/compiled_lcs_O1/ir/ema_recurrence/ema_recurrence_v18.ll,main,%24,loop_carried_state,entry,phi,1,1,1,1,1,4,3,1,posit_32_2,32,2,1.000000e-03,1.030650e-08,1,9.999897e-04,actual_eval,single-loop_carried_state substitution; other entities fixed to fp64
ema_recurrence_v19,ema_recurrence,v19,,/home/hoju/test/posit_test/generated_apps/compiled_lcs_O1/ir/ema_recurrence/ema_recurrence_v19.ll,main,%24,loop_carried_state,entry,phi,1,1,1,1,1,4,3,1,posit_8_0,8,0,1.000000e-03,9.569940e-03,0,-8.569940e-03,actual_eval,single-loop_carried_state substitution; other entities fixed to fp64
ema_recurrence_v19,ema_recurrence,v19,,/home/hoju/test/posit_test/generated_apps/compiled_lcs_O1/ir/ema_recurrence/ema_recurrence_v19.ll,main,%24,loop_carried_state,entry,phi,1,1,1,1,1,4,3,1,posit_8_1,8,1,1.000000e-03,9.569940e-03,0,-8.569940e-03,actual_eval,single-loop_carried_state substitution; other entities fixed to fp64
ema_recurrence_v19,ema_recurrence,v19,,/home/hoju/test/posit_test/generated_apps/compiled_lcs_O1/ir/ema_recurrence/ema_recurrence_v19.ll,main,%24,loop_carried_state,entry,phi,1,1,1,1,1,4,3,1,posit_8_2,8,2,1.000000e-03,4.869070e-02,0,-4.769070e-02,actual_eval,single-loop_carried_state substitution; other entities fixed to fp64
ema_recurrence_v19,ema_recurrence,v19,,/home/hoju/test/posit_test/generated_apps/compiled_lcs_O1/ir/ema_recurrence/ema_recurrence_v19.ll,main,%24,loop_carried_state,entry,phi,1,1,1,1,1,4,3,1,posit_16_0,16,0,1.000000e-03,3.298080e-04,1,6.701920e-04,actual_eval,single-loop_carried_state substitution; other entities fixed to fp64
ema_recurrence_v19,ema_recurrence,v19,,/home/hoju/test/posit_test/generated_apps/compiled_lcs_O1/ir/ema_recurrence/ema_recurrence_v19.ll,main,%24,loop_carried_state,entry,phi,1,1,1,1,1,4,3,1,posit_16_1,16,1,1.000000e-03,4.667240e-04,1,5.332760e-04,actual_eval,single-loop_carried_state substitution; other entities fixed to fp64
ema_recurrence_v19,ema_recurrence,v19,,/home/hoju/test/posit_test/generated_apps/compiled_lcs_O1/ir/ema_recurrence/ema_recurrence_v19.ll,main,%24,loop_carried_state,entry,phi,1,1,1,1,1,4,3,1,posit_16_2,16,2,1.000000e-03,4.667240e-04,1,5.332760e-04,actual_eval,single-loop_carried_state substitution; other entities fixed to fp64
ema_recurrence_v19,ema_recurrence,v19,,/home/hoju/test/posit_test/generated_apps/compiled_lcs_O1/ir/ema_recurrence/ema_recurrence_v19.ll,main,%24,loop_carried_state,entry,phi,1,1,1,1,1,4,3,1,posit_32_0,32,0,1.000000e-03,2.598580e-09,1,9.999974e-04,actual_eval,single-loop_carried_state substitution; other entities fixed to fp64
ema_recurrence_v19,ema_recurrence,v19,,/home/hoju/test/posit_test/generated_apps/compiled_lcs_O1/ir/ema_recurrence/ema_recurrence_v19.ll,main,%24,loop_carried_state,entry,phi,1,1,1,1,1,4,3,1,posit_32_1,32,1,1.000000e-03,6.071180e-09,1,9.999939e-04,actual_eval,single-loop_carried_state substitution; other entities fixed to fp64
ema_recurrence_v19,ema_recurrence,v19,,/home/hoju/test/posit_test/generated_apps/compiled_lcs_O1/ir/ema_recurrence/ema_recurrence_v19.ll,main,%24,loop_carried_state,entry,phi,1,1,1,1,1,4,3,1,posit_32_2,32,2,1.000000e-03,7.819230e-09,1,9.999922e-04,actual_eval,single-loop_carried_state substitution; other entities fixed to fp64
ema_recurrence_v20,ema_recurrence,v20,,/home/hoju/test/posit_test/generated_apps/compiled_lcs_O1/ir/ema_recurrence/ema_recurrence_v20.ll,main,%24,loop_carried_state,entry,phi,1,1,1,1,1,4,3,1,posit_8_0,8,0,1.000000e-03,1.221220e-02,0,-1.121220e-02,actual_eval,single-loop_carried_state substitution; other entities fixed to fp64
ema_recurrence_v20,ema_recurrence,v20,,/home/hoju/test/posit_test/generated_apps/compiled_lcs_O1/ir/ema_recurrence/ema_recurrence_v20.ll,main,%24,loop_carried_state,entry,phi,1,1,1,1,1,4,3,1,posit_8_1,8,1,1.000000e-03,2.894560e-02,0,-2.794560e-02,actual_eval,single-loop_carried_state substitution; other entities fixed to fp64
ema_recurrence_v20,ema_recurrence,v20,,/home/hoju/test/posit_test/generated_apps/compiled_lcs_O1/ir/ema_recurrence/ema_recurrence_v20.ll,main,%24,loop_carried_state,entry,phi,1,1,1,1,1,4,3,1,posit_8_2,8,2,1.000000e-03,7.010340e-02,0,-6.910340e-02,actual_eval,single-loop_carried_state substitution; other entities fixed to fp64
ema_recurrence_v20,ema_recurrence,v20,,/home/hoju/test/posit_test/generated_apps/compiled_lcs_O1/ir/ema_recurrence/ema_recurrence_v20.ll,main,%24,loop_carried_state,entry,phi,1,1,1,1,1,4,3,1,posit_16_0,16,0,1.000000e-03,1.542710e-04,1,8.457290e-04,actual_eval,single-loop_carried_state substitution; other entities fixed to fp64
ema_recurrence_v20,ema_recurrence,v20,,/home/hoju/test/posit_test/generated_apps/compiled_lcs_O1/ir/ema_recurrence/ema_recurrence_v20.ll,main,%24,loop_carried_state,entry,phi,1,1,1,1,1,4,3,1,posit_16_1,16,1,1.000000e-03,6.501900e-06,1,9.934981e-04,actual_eval,single-loop_carried_state substitution; other entities fixed to fp64
ema_recurrence_v20,ema_recurrence,v20,,/home/hoju/test/posit_test/generated_apps/compiled_lcs_O1/ir/ema_recurrence/ema_recurrence_v20.ll,main,%24,loop_carried_state,entry,phi,1,1,1,1,1,4,3,1,posit_16_2,16,2,1.000000e-03,6.501900e-06,1,9.934981e-04,actual_eval,single-loop_carried_state substitution; other entities fixed to fp64
ema_recurrence_v20,ema_recurrence,v20,,/home/hoju/test/posit_test/generated_apps/compiled_lcs_O1/ir/ema_recurrence/ema_recurrence_v20.ll,main,%24,loop_carried_state,entry,phi,1,1,1,1,1,4,3,1,posit_32_0,32,0,1.000000e-03,9.221570e-10,1,9.999991e-04,actual_eval,single-loop_carried_state substitution; other entities fixed to fp64
ema_recurrence_v20,ema_recurrence,v20,,/home/hoju/test/posit_test/generated_apps/compiled_lcs_O1/ir/ema_recurrence/ema_recurrence_v20.ll,main,%24,loop_carried_state,entry,phi,1,1,1,1,1,4,3,1,posit_32_1,32,1,1.000000e-03,3.984240e-09,1,9.999960e-04,actual_eval,single-loop_carried_state substitution; other entities fixed to fp64
ema_recurrence_v20,ema_recurrence,v20,,/home/hoju/test/posit_test/generated_apps/compiled_lcs_O1/ir/ema_recurrence/ema_recurrence_v20.ll,main,%24,loop_carried_state,entry,phi,1,1,1,1,1,4,3,1,posit_32_2,32,2,1.000000e-03,3.984240e-09,1,9.999960e-04,actual_eval,single-loop_carried_state substitution; other entities fixed to fp64
ema_recurrence_v21,ema_recurrence,v21,,/home/hoju/test/posit_test/generated_apps/compiled_lcs_O1/ir/ema_recurrence/ema_recurrence_v21.ll,main,%24,loop_carried_state,entry,phi,1,1,1,1,1,4,3,1,posit_8_0,8,0,1.000000e-03,1.527200e-02,0,-1.427200e-02,actual_eval,single-loop_carried_state substitution; other entities fixed to fp64
ema_recurrence_v21,ema_recurrence,v21,,/home/hoju/test/posit_test/generated_apps/compiled_lcs_O1/ir/ema_recurrence/ema_recurrence_v21.ll,main,%24,loop_carried_state,entry,phi,1,1,1,1,1,4,3,1,posit_8_1,8,1,1.000000e-03,1.936100e-01,0,-1.926100e-01,actual_eval,single-loop_carried_state substitution; other entities fixed to fp64
ema_recurrence_v21,ema_recurrence,v21,,/home/hoju/test/posit_test/generated_apps/compiled_lcs_O1/ir/ema_recurrence/ema_recurrence_v21.ll,main,%24,loop_carried_state,entry,phi,1,1,1,1,1,4,3,1,posit_8_2,8,2,1.000000e-03,7.424870e-02,0,-7.324870e-02,actual_eval,single-loop_carried_state substitution; other entities fixed to fp64
ema_recurrence_v21,ema_recurrence,v21,,/home/hoju/test/posit_test/generated_apps/compiled_lcs_O1/ir/ema_recurrence/ema_recurrence_v21.ll,main,%24,loop_carried_state,entry,phi,1,1,1,1,1,4,3,1,posit_16_0,16,0,1.000000e-03,2.353540e-04,1,7.646460e-04,actual_eval,single-loop_carried_state substitution; other entities fixed to fp64
ema_recurrence_v21,ema_recurrence,v21,,/home/hoju/test/posit_test/generated_apps/compiled_lcs_O1/ir/ema_recurrence/ema_recurrence_v21.ll,main,%24,loop_carried_state,entry,phi,1,1,1,1,1,4,3,1,posit_16_1,16,1,1.000000e-03,1.187910e-04,1,8.812090e-04,actual_eval,single-loop_carried_state substitution; other entities fixed to fp64
ema_recurrence_v21,ema_recurrence,v21,,/home/hoju/test/posit_test/generated_apps/compiled_lcs_O1/ir/ema_recurrence/ema_recurrence_v21.ll,main,%24,loop_carried_state,entry,phi,1,1,1,1,1,4,3,1,posit_16_2,16,2,1.000000e-03,5.805900e-04,1,4.194100e-04,actual_eval,single-loop_carried_state substitution; other entities fixed to fp64
ema_recurrence_v21,ema_recurrence,v21,,/home/hoju/test/posit_test/generated_apps/compiled_lcs_O1/ir/ema_recurrence/ema_recurrence_v21.ll,main,%24,loop_carried_state,entry,phi,1,1,1,1,1,4,3,1,posit_32_0,32,0,1.000000e-03,2.402230e-09,1,9.999976e-04,actual_eval,single-loop_carried_state substitution; other entities fixed to fp64
ema_recurrence_v21,ema_recurrence,v21,,/home/hoju/test/posit_test/generated_apps/compiled_lcs_O1/ir/ema_recurrence/ema_recurrence_v21.ll,main,%24,loop_carried_state,entry,phi,1,1,1,1,1,4,3,1,posit_32_1,32,1,1.000000e-03,4.180850e-09,1,9.999958e-04,actual_eval,single-loop_carried_state substitution; other entities fixed to fp64
ema_recurrence_v21,ema_recurrence,v21,,/home/hoju/test/posit_test/generated_apps/compiled_lcs_O1/ir/ema_recurrence/ema_recurrence_v21.ll,main,%24,loop_carried_state,entry,phi,1,1,1,1,1,4,3,1,posit_32_2,32,2,1.000000e-03,6.236120e-10,1,9.999994e-04,actual_eval,single-loop_carried_state substitution; other entities fixed to fp64
ema_recurrence_v22,ema_recurrence,v22,,/home/hoju/test/posit_test/generated_apps/compiled_lcs_O1/ir/ema_recurrence/ema_recurrence_v22.ll,main,%24,loop_carried_state,entry,phi,1,1,1,1,1,4,3,1,posit_8_0,8,0,1.000000e-03,2.183570e-02,0,-2.083570e-02,actual_eval,single-loop_carried_state substitution; other entities fixed to fp64
ema_recurrence_v22,ema_recurrence,v22,,/home/hoju/test/posit_test/generated_apps/compiled_lcs_O1/ir/ema_recurrence/ema_recurrence_v22.ll,main,%24,loop_carried_state,entry,phi,1,1,1,1,1,4,3,1,posit_8_1,8,1,1.000000e-03,8.684920e-02,0,-8.584920e-02,actual_eval,single-loop_carried_state substitution; other entities fixed to fp64
ema_recurrence_v22,ema_recurrence,v22,,/home/hoju/test/posit_test/generated_apps/compiled_lcs_O1/ir/ema_recurrence/ema_recurrence_v22.ll,main,%24,loop_carried_state,entry,phi,1,1,1,1,1,4,3,1,posit_8_2,8,2,1.000000e-03,1.439260e-02,0,-1.339260e-02,actual_eval,single-loop_carried_state substitution; other entities fixed to fp64
ema_recurrence_v22,ema_recurrence,v22,,/home/hoju/test/posit_test/generated_apps/compiled_lcs_O1/ir/ema_recurrence/ema_recurrence_v22.ll,main,%24,loop_carried_state,entry,phi,1,1,1,1,1,4,3,1,posit_16_0,16,0,1.000000e-03,2.866080e-05,1,9.713392e-04,actual_eval,single-loop_carried_state substitution; other entities fixed to fp64
ema_recurrence_v22,ema_recurrence,v22,,/home/hoju/test/posit_test/generated_apps/compiled_lcs_O1/ir/ema_recurrence/ema_recurrence_v22.ll,main,%24,loop_carried_state,entry,phi,1,1,1,1,1,4,3,1,posit_16_1,16,1,1.000000e-03,4.209760e-05,1,9.579024e-04,actual_eval,single-loop_carried_state substitution; other entities fixed to fp64
ema_recurrence_v22,ema_recurrence,v22,,/home/hoju/test/posit_test/generated_apps/compiled_lcs_O1/ir/ema_recurrence/ema_recurrence_v22.ll,main,%24,loop_carried_state,entry,phi,1,1,1,1,1,4,3,1,posit_16_2,16,2,1.000000e-03,5.239700e-04,1,4.760300e-04,actual_eval,single-loop_carried_state substitution; other entities fixed to fp64
ema_recurrence_v22,ema_recurrence,v22,,/home/hoju/test/posit_test/generated_apps/compiled_lcs_O1/ir/ema_recurrence/ema_recurrence_v22.ll,main,%24,loop_carried_state,entry,phi,1,1,1,1,1,4,3,1,posit_32_0,32,0,1.000000e-03,6.107750e-10,1,9.999994e-04,actual_eval,single-loop_carried_state substitution; other entities fixed to fp64
ema_recurrence_v22,ema_recurrence,v22,,/home/hoju/test/posit_test/generated_apps/compiled_lcs_O1/ir/ema_recurrence/ema_recurrence_v22.ll,main,%24,loop_carried_state,entry,phi,1,1,1,1,1,4,3,1,posit_32_1,32,1,1.000000e-03,2.770150e-09,1,9.999972e-04,actual_eval,single-loop_carried_state substitution; other entities fixed to fp64
ema_recurrence_v22,ema_recurrence,v22,,/home/hoju/test/posit_test/generated_apps/compiled_lcs_O1/ir/ema_recurrence/ema_recurrence_v22.ll,main,%24,loop_carried_state,entry,phi,1,1,1,1,1,4,3,1,posit_32_2,32,2,1.000000e-03,7.088900e-09,1,9.999929e-04,actual_eval,single-loop_carried_state substitution; other entities fixed to fp64
ema_recurrence_v23,ema_recurrence,v23,,/home/hoju/test/posit_test/generated_apps/compiled_lcs_O1/ir/ema_recurrence/ema_recurrence_v23.ll,main,%24,loop_carried_state,entry,phi,1,1,1,1,1,4,3,1,posit_8_0,8,0,1.000000e-03,1.401700e-01,0,-1.391700e-01,actual_eval,single-loop_carried_state substitution; other entities fixed to fp64
ema_recurrence_v23,ema_recurrence,v23,,/home/hoju/test/posit_test/generated_apps/compiled_lcs_O1/ir/ema_recurrence/ema_recurrence_v23.ll,main,%24,loop_carried_state,entry,phi,1,1,1,1,1,4,3,1,posit_8_1,8,1,1.000000e-03,3.030510e-01,0,-3.020510e-01,actual_eval,single-loop_carried_state substitution; other entities fixed to fp64
ema_recurrence_v23,ema_recurrence,v23,,/home/hoju/test/posit_test/generated_apps/compiled_lcs_O1/ir/ema_recurrence/ema_recurrence_v23.ll,main,%24,loop_carried_state,entry,phi,1,1,1,1,1,4,3,1,posit_8_2,8,2,1.000000e-03,6.288140e-01,0,-6.278140e-01,actual_eval,single-loop_carried_state substitution; other entities fixed to fp64
ema_recurrence_v23,ema_recurrence,v23,,/home/hoju/test/posit_test/generated_apps/compiled_lcs_O1/ir/ema_recurrence/ema_recurrence_v23.ll,main,%24,loop_carried_state,entry,phi,1,1,1,1,1,4,3,1,posit_16_0,16,0,1.000000e-03,1.937270e-04,1,8.062730e-04,actual_eval,single-loop_carried_state substitution; other entities fixed to fp64
ema_recurrence_v23,ema_recurrence,v23,,/home/hoju/test/posit_test/generated_apps/compiled_lcs_O1/ir/ema_recurrence/ema_recurrence_v23.ll,main,%24,loop_carried_state,entry,phi,1,1,1,1,1,4,3,1,posit_16_1,16,1,1.000000e-03,2.102490e-03,0,-1.102490e-03,actual_eval,single-loop_carried_state substitution; other entities fixed to fp64
ema_recurrence_v23,ema_recurrence,v23,,/home/hoju/test/posit_test/generated_apps/compiled_lcs_O1/ir/ema_recurrence/ema_recurrence_v23.ll,main,%24,loop_carried_state,entry,phi,1,1,1,1,1,4,3,1,posit_16_2,16,2,1.000000e-03,2.102490e-03,0,-1.102490e-03,actual_eval,single-loop_carried_state substitution; other entities fixed to fp64
ema_recurrence_v23,ema_recurrence,v23,,/home/hoju/test/posit_test/generated_apps/compiled_lcs_O1/ir/ema_recurrence/ema_recurrence_v23.ll,main,%24,loop_carried_state,entry,phi,1,1,1,1,1,4,3,1,posit_32_0,32,0,1.000000e-03,1.544870e-08,1,9.999846e-04,actual_eval,single-loop_carried_state substitution; other entities fixed to fp64
ema_recurrence_v23,ema_recurrence,v23,,/home/hoju/test/posit_test/generated_apps/compiled_lcs_O1/ir/ema_recurrence/ema_recurrence_v23.ll,main,%24,loop_carried_state,entry,phi,1,1,1,1,1,4,3,1,posit_32_1,32,1,1.000000e-03,1.367680e-08,1,9.999863e-04,actual_eval,single-loop_carried_state substitution; other entities fixed to fp64
ema_recurrence_v23,ema_recurrence,v23,,/home/hoju/test/posit_test/generated_apps/compiled_lcs_O1/ir/ema_recurrence/ema_recurrence_v23.ll,main,%24,loop_carried_state,entry,phi,1,1,1,1,1,4,3,1,posit_32_2,32,2,1.000000e-03,3.968280e-09,1,9.999960e-04,actual_eval,single-loop_carried_state substitution; other entities fixed to fp64
ema_recurrence_v24,ema_recurrence,v24,,/home/hoju/test/posit_test/generated_apps/compiled_lcs_O1/ir/ema_recurrence/ema_recurrence_v24.ll,main,%24,loop_carried_state,entry,phi,1,1,1,1,1,4,3,1,posit_8_0,8,0,1.000000e-03,8.470480e-02,0,-8.370480e-02,actual_eval,single-loop_carried_state substitution; other entities fixed to fp64
ema_recurrence_v24,ema_recurrence,v24,,/home/hoju/test/posit_test/generated_apps/compiled_lcs_O1/ir/ema_recurrence/ema_recurrence_v24.ll,main,%24,loop_carried_state,entry,phi,1,1,1,1,1,4,3,1,posit_8_1,8,1,1.000000e-03,8.470480e-02,0,-8.370480e-02,actual_eval,single-loop_carried_state substitution; other entities fixed to fp64
ema_recurrence_v24,ema_recurrence,v24,,/home/hoju/test/posit_test/generated_apps/compiled_lcs_O1/ir/ema_recurrence/ema_recurrence_v24.ll,main,%24,loop_carried_state,entry,phi,1,1,1,1,1,4,3,1,posit_8_2,8,2,1.000000e-03,2.372540e-01,0,-2.362540e-01,actual_eval,single-loop_carried_state substitution; other entities fixed to fp64
ema_recurrence_v24,ema_recurrence,v24,,/home/hoju/test/posit_test/generated_apps/compiled_lcs_O1/ir/ema_recurrence/ema_recurrence_v24.ll,main,%24,loop_carried_state,entry,phi,1,1,1,1,1,4,3,1,posit_16_0,16,0,1.000000e-03,8.768570e-05,1,9.123143e-04,actual_eval,single-loop_carried_state substitution; other entities fixed to fp64
ema_recurrence_v24,ema_recurrence,v24,,/home/hoju/test/posit_test/generated_apps/compiled_lcs_O1/ir/ema_recurrence/ema_recurrence_v24.ll,main,%24,loop_carried_state,entry,phi,1,1,1,1,1,4,3,1,posit_16_1,16,1,1.000000e-03,3.856330e-04,1,6.143670e-04,actual_eval,single-loop_carried_state substitution; other entities fixed to fp64
ema_recurrence_v24,ema_recurrence,v24,,/home/hoju/test/posit_test/generated_apps/compiled_lcs_O1/ir/ema_recurrence/ema_recurrence_v24.ll,main,%24,loop_carried_state,entry,phi,1,1,1,1,1,4,3,1,posit_16_2,16,2,1.000000e-03,6.835810e-04,1,3.164190e-04,actual_eval,single-loop_carried_state substitution; other entities fixed to fp64
ema_recurrence_v24,ema_recurrence,v24,,/home/hoju/test/posit_test/generated_apps/compiled_lcs_O1/ir/ema_recurrence/ema_recurrence_v24.ll,main,%24,loop_carried_state,entry,phi,1,1,1,1,1,4,3,1,posit_32_0,32,0,1.000000e-03,5.407430e-09,1,9.999946e-04,actual_eval,single-loop_carried_state substitution; other entities fixed to fp64
ema_recurrence_v24,ema_recurrence,v24,,/home/hoju/test/posit_test/generated_apps/compiled_lcs_O1/ir/ema_recurrence/ema_recurrence_v24.ll,main,%24,loop_carried_state,entry,phi,1,1,1,1,1,4,3,1,posit_32_1,32,1,1.000000e-03,5.407430e-09,1,9.999946e-04,actual_eval,single-loop_carried_state substitution; other entities fixed to fp64
ema_recurrence_v24,ema_recurrence,v24,,/home/hoju/test/posit_test/generated_apps/compiled_lcs_O1/ir/ema_recurrence/ema_recurrence_v24.ll,main,%24,loop_carried_state,entry,phi,1,1,1,1,1,4,3,1,posit_32_2,32,2,1.000000e-03,5.407430e-09,1,9.999946e-04,actual_eval,single-loop_carried_state substitution; other entities fixed to fp64
